Annotation,log2FoldChange,pvalue
LINC00115,-0.3877630100146612,0.0441465816276958
LINC01772,-0.4886902139837744,0.0240035506370098
SNORA73B,1.1139820639540132,0.0085224474810546
AL049795.1,-0.5505647865424936,0.0320183488961526
FOXD2-AS1,-0.7258905520968073,0.0178590196840536
C2CD4D-AS1,0.6085017135210781,0.01046380160067
AL353708.1,-0.629843526505489,0.0405598788360419
KIAA1614-AS1,-0.5488399217763903,0.0394060520624747
SMG7-AS1,-0.4486468309613224,0.0373365856590409
AC104463.2,-0.4790925571444217,0.0486920512842129
ERLNC1,-1.1534972580633591,0.0035667255461705
IBA57-DT,-0.5218772753093696,0.0057604026552838
AC044784.1,1.874871644217936,0.0080383142213398
AL355870.1,-1.1443464608383007,0.0240777434309437
AL359532.1,-0.4588843215945783,0.0343294106482534
AL353801.3,-0.4343644699417559,0.0090011920992403
AL139241.1,-0.9556806213737724,0.0043092865274533
OLMALINC,-0.8178138464360186,0.015050766159541
KCNIP2-AS1,-0.8677729227320262,0.0146868594262703
CFAP58-DT,0.7182290998850088,0.0327938002699911
LINC02620,3.142397551480644,0.0001293519805533
AL162274.2,-0.4384761000540039,0.0190044561830456
AL162274.1,-0.4942877226613993,0.0135507038278561
AP006623.1,-0.4893807585320935,0.0437327686907913
RPL26P30,-0.7358184868296289,0.0181830632316138
AC009656.1,0.6612912876417811,0.0295302662478904
AP002358.1,2.5417022684008463,5.110648972128674e-06
AP000640.1,-0.5139004473745695,0.0294836582803786
AP000438.1,-1.1226926954021206,0.0009444645311116
AP000879.2,-0.9934507723290884,0.0486392701985718
SHANK2-AS1,-0.809482569443348,0.0156382879646815
LINC01537,-0.9311524382568964,0.0486236408793698
UVRAG-DT,-0.6028105670176529,0.0215121642574446
RSF1-IT1,-1.0520272562798898,0.0048961169899748
AP000873.4,-0.5123354862471573,0.0412291303765562
AP001527.1,-0.7216789559198353,0.0368682273362552
AP001781.1,-0.9785823518606964,0.013948098737461
BACE1-AS,-0.5166563334985449,0.017503558565507
AP000941.1,-0.5272370041679424,0.0248807969480886
AP003392.4,-0.520432607241326,0.0456409278190132
AP000866.5,-0.6738175652690389,0.0263445656426598
LINC02422,1.062298736555741,0.0397867534229997
DDN-AS1,-0.3836929716903862,0.0253981284165606
BCDIN3D-AS1,-0.3190334432441093,0.0390621923256636
AC068987.2,-0.6118417868955703,0.0336300659338318
NR4A1AS,-1.3588021857262635,0.0222871185919383
TMEM198B,-0.3226374913788102,0.04730053781659
AC025162.2,-0.5573830079590494,0.0455892241575034
AC025423.1,-0.593419743178651,0.0450628468252532
AC078923.1,-0.7828606595289785,0.0446486245839802
AC024909.1,-0.6693193709203974,0.0281589711340057
LINC02397,1.159540666616432,0.0024109607538238
AC145423.3,-0.6299634513597928,0.0095256242315095
PPP1R26P1,-0.397089090757523,0.0301239927796431
LINC00402,1.7000114309244294,0.0008664236047832
AL137244.1,-0.4866256717943626,0.0257941910124248
AL138955.1,-0.4460691308904994,0.0253842481254746
LINC02306,-1.9534466969668944,0.0150687325742465
AL606834.1,-0.5473633280206739,0.0259197666479999
AL122035.1,-0.4496521116423433,0.0091937102153495
TCL6,1.249810091751438,0.0085800140029769
AL137786.1,-1.3395551498338518,0.0129202785830337
AL117209.1,-0.5182484005098936,0.0268463849383261
AL139300.2,-0.4426744921146161,0.04222030421595
DPH6-DT,-0.5693540872796174,0.0497739426231761
AC025430.1,-0.6178991867345579,0.0318891599829047
AC021752.1,-0.8584673039831814,0.0099603652021955
AC066613.1,0.5308677857898011,0.0049648383160095
LINC00926,0.585898700905684,0.045144414350617
AC090515.5,-0.6034918487498697,0.0416955788388825
TMEM202-AS1,-0.4490030759185662,0.029007356245114
AC060809.1,-1.084489194766249,0.0143815436724093
AC023034.1,-1.2493499707236326,0.0036792495534738
AC104041.1,-0.9586837171999943,0.0495043734952065
SNHG9,0.7621829122882909,0.0257332993417304
AC106820.4,-0.4726448545687806,0.0433911075300886
AC020663.3,-0.3347687985150765,0.0486652301475503
AC008870.2,-0.5051146028319382,0.0086370000429901
AC008731.1,-0.7152686323587059,0.0113709752498231
ZKSCAN2-DT,-0.3399386937998053,0.0248903056190767
AC138904.1,1.1676899238355416,0.013175183820988
AC009093.2,0.4854558332474373,0.0362420981981067
AC093249.2,-0.8849620979908003,0.0149264745497281
AC007599.2,-0.814016283844816,0.0183391204045785
AC007496.2,-0.627815392621925,0.0279792164160073
LINC00922,1.5688549680747668,0.0170957479815829
AC009054.2,-0.5743713754321973,0.0258918274621466
AC079414.3,-0.6043197243583049,0.0491113356297941
AC005696.3,-0.5901738745257161,0.012909858103858
AC015908.3,-0.7386572648305906,0.0336181954197426
AC127537.1,-0.5284473451332364,0.0222142796761579
CCDC144NL-AS1,0.81115750988509,0.0427768553655554
AC005899.8,-0.3395670643285906,0.0337002220344801
AC005288.1,0.6402412128104813,0.006477171364328
RARA-AS1,0.624841831746156,0.0062100150898722
LINC00910,-0.5262573555366754,0.0116291447607444
AC142472.1,-0.4423013092836784,0.0107340032746967
AC007638.2,-0.9970168196858812,0.0491533787991513
WFDC21P,-0.5753800653665783,0.0347120000275852
TBX2-AS1,-0.479734780519917,0.0430650920415208
AC007780.1,0.5619778437011733,0.0218662735761896
AC015802.4,-0.5603328994048171,0.0036070519452884
AC100788.1,-0.5735772879314635,0.0246994368069866
AC087741.1,-0.3163356649748345,0.0268989446720361
AC132872.1,-0.7171656639652753,0.0004786450898895
HEXD-IT1,-0.5977127949259363,0.0374457842873537
AP000864.1,0.8999144261544463,0.0116310485808759
AC090912.3,-1.2687782474557023,0.0095836540810774
DSCAS,-0.8079592026092878,0.0113165051785515
AC011815.1,-0.2875031233367828,0.0350826336469218
AC100778.2,-0.6074535931615761,0.0324822644917538
AC100778.3,-0.7529161233507432,0.0008911129061558
LINC01544,-0.7490266750115914,0.0350235600802167
LINC01836,-0.7358233114529845,0.0376424527647058
AC004637.1,-0.63828234246506,0.0426436311827572
AC008760.2,-0.9191060302069926,0.0289995147858322
AC008760.1,-0.473565240811319,0.0465945326586773
AC008894.1,-1.1038403908431806,0.0015201598681215
AC008764.8,-0.2433874456733949,0.0442679563752408
AC010319.4,-0.5906104476731995,0.0396463815810223
ZNF350-AS1,-0.7644172560572752,0.0334786978486867
AC011468.1,-0.5322575774668921,0.0294154442418736
AC008735.4,-0.3852084389588648,0.0380578971373575
AC008735.1,-0.7069644092425482,0.0140275290954842
EIPR1-IT1,0.6155116977268045,0.028435278689761
SILC1,1.8497454123691373,0.0465406220840047
LINC00299,0.6356055996701049,0.0345854645549858
AC012073.1,0.4826935872268513,0.0396074264279743
AL121655.1,-0.6698370490371138,0.0494706474072034
AC009229.2,-0.7283360181700005,0.0385381190694623
LINC01121,0.935669175800202,0.0239714993704694
PCBP1-AS1,-0.2651215179151265,0.0483415982861612
AC005034.5,-0.459999965481536,0.0390996028927385
AC016745.2,-0.7310901446401966,0.044850855838506
AC092652.2,0.7255247153044139,0.0218325646152011
HAGLROS,-0.9534100198793406,0.0376650331246276
LINC01116,0.9466668825554176,0.0063011893901889
LINC01117,1.1841473412753338,0.0075906981074862
AC092162.2,0.9383878515601538,0.013924422147618
AC093865.1,0.729706471215118,0.0394794061569793
AC079610.1,1.6720723579690695,0.0005725495874708
LINC00607,0.6868383960196989,0.0217309579206137
AC098820.3,-0.6287272814260393,0.0401958975772442
SCARNA6,0.6070358147801503,0.0432596288707215
SIRPG-AS1,1.2344470087248738,0.0142026596678236
AL031658.1,-0.9036335217891084,0.0387283622764733
AL354813.1,0.821086813633145,0.0355149530643613
CEBPB-AS1,-0.6363057780618011,0.0062635076568441
APCDD1L-DT,-0.9386215075166864,0.0369461769131102
CBR3-AS1,-0.5904236339449289,0.0431110061680105
DSCR9,-0.5146586904760794,0.0244744721406333
TSPEAR-AS1,-1.434144125664945,0.0004910031443601
LINC01424,-0.4848860962865814,0.00911767444436
CECR7,-0.7352999197316034,0.0216697594545653
AC007666.1,-0.7360752061331516,0.028441912390095
AC016027.2,-0.6883127010604497,0.0167936874772675
AL022322.2,-0.3406416811440258,0.033807235235032
FP325330.3,1.4891621519702982,0.0167870306712005
AL022328.3,0.3825816174311132,0.046315823218902
PRRT3-AS1,-0.694302773274078,0.003011352794074
ITGA9-AS1,-0.6221185693225737,0.0396481455264357
ACVR2B-AS1,-0.5150245308097152,0.047313254883375
VIPR1-AS1,-0.5848839966754749,0.0243908771083848
LINC02019,0.3890448135263188,0.0355872218783336
LINC00877,0.6039239018388088,0.0411942390691912
LINC00960,-0.9324166079152268,0.0043506827340191
WWTR1-IT1,-0.7244246435328775,0.045746598281923
LINC00578,1.413822194129577,0.0097907237315115
AC026355.2,2.3611101637804786,0.0002960138987629
NMRAL2P,0.8712453313832632,0.04587548491483
ACAP2-IT1,0.7643980043422003,0.0202489815166971
SDHAP1,-0.4717563502012421,0.0070389047324449
AC025539.1,0.9761695069840708,0.0149916595799586
AP002075.1,1.5906100918303692,0.0022337714758419
AC093772.1,-1.2096669004911829,0.0175389079891047
AC078850.1,1.6046323876983857,0.0074757093629124
SNHG27,1.5240218060787447,0.0407825050208251
SLC7A11-AS1,0.6435510464610245,0.0443611607314368
LINC02273,0.8554950419500534,0.0462870142314267
LINC02433,-0.8748907701007085,0.0312114760370101
WWC2-AS2,-0.5838956465631671,0.0043532719736232
AC093297.1,1.3868747062392182,0.0355853451160153
AC092343.1,0.7969225086098368,0.0464758402897222
AC025442.1,-0.4902616827910883,0.0277728480933618
LINC02058,-1.4655853628374498,0.0080567614389144
MTND4P12,-1.0009168571925875,0.036682680924138
PCDHB17P,-0.8709206193779654,0.0193254363183806
AC005618.1,-0.8790551143529937,0.0008765939799528
AC008781.3,-0.91183890601906,0.0018356943539028
AC008781.1,-0.70699564385781,0.0009845969243592
AC005753.1,-1.0049667691109918,0.0390614180821785
AC114939.1,-0.5809422844393234,0.016057755573255
SH3TC2-DT,-0.9387777156126648,0.0143279901555776
CARMN,-0.7006065616074045,0.0480291236924249
AC011337.1,-0.549475352431939,0.039285060747602
LINC01484,0.9701941998096726,0.0292189109543519
LY86-AS1,0.8319083364740089,0.0098462018616983
AL078599.2,-0.5699566327264,0.0344460085383933
LINC02532,1.6261920587020402,0.0048094479298009
REV3L-IT1,-0.6556569240340917,0.0244256168061478
LINC02518,-0.978605748069386,0.0174744627042563
SYNE1-AS1,-0.9679415238821388,0.0169538533084487
AL596442.2,-1.1327741333483956,0.0070208714461507
RNF216P1,-0.2519315133607915,0.0146619449510551
AC073332.1,-0.3779670388621827,0.0388422807296382
HOXA10-AS,-0.9970461837129324,0.0039266175882108
AC005013.1,-0.857570103103056,0.0087162396557634
AC009275.1,-0.5021325794325202,0.0392410806751281
AC246817.1,-1.7411311131321188,0.0007990153701368
FAM85B,-0.6668430761352571,0.0404390482233351
AC105001.1,-0.4799205254789537,0.0353488409623691
AC145124.1,-0.7585021208158477,0.0427859186805925
AC027117.1,-0.564866074007873,0.0324084439961188
LINC01605,0.671333154123464,0.040129794974767
AC084024.1,-0.7339017448227289,0.0450587377776649
AC022034.3,1.3959741103720456,0.0011129130151366
SNHG6,0.4714495205540616,0.0402285645549302
AC018442.2,0.503322957529435,0.0201259419772583
AC012213.2,1.0675995366888766,0.0305490926911712
AC104958.2,-0.7208955808736248,0.0364596960394965
LINC00861,0.7830813055121351,0.0234255399753149
AC011676.1,0.5443027525568647,0.0485186849634868
LURAP1L-AS1,1.0789733408182631,0.0079126532080833
FAM27E3,-0.944253207468303,0.0064296295748485
PGM5-AS1,-1.0096220595770833,0.049739179882243
AL354893.2,-0.731434302791703,0.041980264298896
AL592211.1,-0.4823506009608898,0.0258939428146875
PHKA2-AS1,-0.6343637140536568,0.0019884667895945
ZFX-AS1,-0.6895602172851082,0.0125172223276211
UXT-AS1,-0.5852833748163473,0.0134933899423063
MORF4L2-AS1,-0.4696059070255466,0.0454008051366877
AC244197.2,-0.5418879173963467,0.0477013432020706
LINC01128,-0.5221571925998738,4.836035998700389e-05
LINC00115,1.075262918360832,0.0010010488381894
AL645608.7,-1.403816797836995,0.0246118115460523
LINC01342,-2.4584005539290104,0.0013775121118086
AL390719.2,-3.425680749417032,5.509538852129982e-07
TTLL10-AS1,-1.721601355284549,0.0033371489464657
LINC01770,-1.555799197047952,0.0054183894621645
AL691432.2,-1.3927549820461758,0.0001378420963627
AL513477.2,-1.853195067833161,6.195087230432672e-07
PRDM16-DT,-2.5232014702708057,7.716364917653018e-05
AL359881.3,-3.7711579429552295,1.045594888909338e-09
AL359881.1,-3.3660563325750896,3.391550914748355e-06
RERE-AS1,0.8549766904573328,0.0218943809563546
LNCTAM34A,-1.8914681827416704,2.0822031179691505e-07
PIK3CD-AS1,2.901511175445149,0.0001806319444936
PIK3CD-AS2,-1.7030438897364075,0.0003101571425665
EXOSC10-AS1,-1.5466076951797916,0.0002620832589297
AC254633.1,-1.4997239146072687,0.0237445000132673
TMEM51-AS1,-1.5606858486859183,1.210195306807801e-05
EIF1AXP1,0.7028585166318937,0.0140542410925691
PINK1-AS,-1.0612531579292996,2.1938185752396228e-05
LINC00339,-0.5675841331251551,0.0019710384834466
SDHDP6,0.5130980888858276,0.0269593853438492
AL445490.1,2.250184414455338,0.0001441401208265
AL136115.2,1.1762118357289004,0.0358048524046174
NFYC-AS1,1.8539869820786417,1.6467996283278235e-06
AC096540.1,-1.3147301583150324,0.0012426531555912
SLC2A1-DT,-0.9537812694506334,0.0018803215130668
AL604028.1,-1.207560534027706,2.479596113392551e-05
MKNK1-AS1,0.9927294167367978,0.0015682841730375
AL109659.2,-3.3686950963914315,2.8151970901451183e-11
TTC39A-AS1,-0.9689376117407638,0.0413895826580666
AL050343.2,1.4918399235440702,0.0017669394035284
AL445183.2,-4.015575420048405,0.0006144518834843
LINC01748,4.1605938864886,6.478287121440013e-05
NFIA-AS2,-2.194502395357197,0.0038455467566342
LINC00466,1.9642003333007847,0.0222163129056469
FOXD3-AS1,1.9905359195715595,0.0073419355209054
LINC01359,-1.5750958411009686,1.7678288655975274e-05
GNG12-AS1,-1.536320085338276,0.0155919453339766
NEXN-AS1,-1.1077972160627023,0.022418564815104
LINC01781,4.521176318846028,7.909215573568897e-14
LINC01140,-1.0766507916850825,0.0261753995493891
LINC02609,-2.40758746037658,5.258052016084275e-05
AC104836.1,-1.7911812972509535,0.0003070707294835
AC092802.2,1.8436636714864472,0.0006732018538855
LINC02607,-3.5689086126925984,4.2859812829120837e-10
AC118553.1,1.2136998286578151,0.012833341893148
RTCA-AS1,1.6950587326836395,0.0009690702879074
AC093157.2,2.8286607767917222,0.0001911592407254
VAV3-AS1,2.626215854333747,0.0013343719524147
AL359258.1,3.48604213306186,6.793941882976942e-07
AL390038.1,4.398295636728281,3.755411544767175e-06
AL160006.1,-0.5398246969501294,0.00282006685789
LINC01750,-2.225317478144426,2.649930370615392e-05
AL603832.1,1.386486551912322,0.033589781949994
AL137856.1,6.422631248648081,0.0013907881620441
AP4B1-AS1,1.967060412498437,4.80364867414789e-06
AL390066.1,0.7999569196838803,0.0028587528420131
WARS2-IT1,-2.5442271951172826,8.310587118203715e-05
LINC00622,-2.139469496801598,1.873141944822588e-07
EMBP1,2.013313211754132,2.4040610953634124e-09
AC239800.2,-3.6021283372279824,2.3932344211382017e-05
AC245014.3,1.1305204376025857,0.0274172611656678
LINC00624,4.3439628671372175,5.133582549919904e-12
LINC01138,-0.83083690750138,0.0017513813492922
AC245297.3,-1.0715568115946743,6.239730104212594e-05
AC243772.2,1.8463928525262352,0.0090192400281229
ADAMTSL4-AS1,-0.8867380458618835,0.0331870401316213
AL365436.2,1.338712188389647,0.0087539739686758
AL589765.4,-1.2463792285058393,0.0214607969081602
C2CD4D-AS1,0.987732446920495,0.0026017029890996
FLG-AS1,-2.120199942117956,6.524745662402908e-07
BX470102.1,-2.367827651392341,3.4502687617966746e-06
UBE2Q1-AS1,1.4063456252294808,0.0008332429703152
DCST1-AS1,-1.851131280610248,2.7286814551680538e-08
MSTO2P,0.5959442020533919,0.0040029449978328
AL365181.3,-1.342475716887462,0.0006234355898573
LINC01133,-3.520078541817452,7.025117236016572e-06
AL121985.1,4.517184598288952,3.751067958763157e-05
AL031733.2,2.686901439683353,2.034483534292442e-06
Z97200.1,-2.879546078417864,4.711639387914054e-07
AL353708.3,1.1068303113484537,0.0183634200855787
AL353708.1,1.0647463767389302,0.0250980430608575
LAMC1-AS1,1.29249822977829,0.0228502855617052
SMG7-AS1,1.9525228243510109,0.0012296813069527
AL691482.3,-2.776330826646574,3.3813338368564503e-06
PCAT6,-1.0898248831410104,0.0092313799470315
AL512306.3,2.680512574247025,3.043223568860106e-08
HSD11B1-AS1,-1.6075156239350514,0.0009067539848015
SERTAD4-AS1,-2.134072825960714,3.129211082427372e-08
FLVCR1-DT,0.5552715394221877,0.0028598659766749
PROX1-AS1,-2.549413338496204,0.0052315513578786
LYPLAL1-AS1,-1.6296820615569378,0.0213706208094648
LINC01352,-1.2064514304422078,0.0374144567900622
AC138393.3,2.1162133142235,4.35769737618203e-05
AC099066.2,-1.461047669113114,0.0465832634636672
AL591895.1,-1.4838820357746234,1.6095816279011618e-07
IBA57-DT,-1.3405340964698895,0.0430603919635979
LINC00582,2.018271801771361,0.000675632690771
AL355472.3,-1.696069788106484,0.0004058561256975
LINC01354,-2.4635777733379043,0.0050275170139003
LINC01132,-1.448726908339452,6.225397947343822e-05
AL359921.1,2.3496974858546182,8.347721702770406e-05
CHRM3-AS2,3.0205426947134617,3.693933086609179e-07
AL591848.3,0.845615495146346,0.0255989868480698
PITRM1-AS1,1.0284790264095147,0.0006667542294431
LINC00702,-1.2197629245069057,0.0133599792453659
CALML3-AS1,-1.390655573043304,0.0269524063578989
PRKCQ-AS1,1.4604456840062645,8.185624158897647e-06
LINC02648,3.1508057906552063,7.492388092744227e-05
LINC02642,4.670511374525668,2.292638223102674e-05
AC044784.1,-1.470313104736355,0.0341112476919388
SFTA1P,-1.2623866980092673,0.0119652557758933
CELF2-AS1,2.1962601000848005,0.000115306023482
AL512631.1,3.7160510465221264,7.046705630901645e-05
PROSER2-AS1,-1.6607743431644912,0.0008612509290753
AL512770.1,0.7771988567008876,0.0062647200191178
AL157392.4,-1.970565292658756,0.0003093546484916
ST8SIA6-AS1,-2.312717378594649,5.552420756953633e-06
AC069549.1,-3.1896174328016698,3.519564211529275e-05
AL359697.1,1.2545501887724055,0.0490679576135751
WAC-AS1,-0.8606370516949455,3.571671256095492e-06
AL359532.1,-1.1407172495523,0.0358237142458915
AL158834.2,1.4018844834657034,0.0058464441852795
LINC00839,-1.76118550093875,1.5626911494558368e-05
AL137026.1,-3.0361395631046424,0.0010134701637267
TMEM72-AS1,-1.5681812176194003,0.0017722925439599
AC060234.2,3.2628513091627136,2.4398888543085252e-08
LINC01515,-1.5510487475249055,0.0032948494021855
AL513534.2,-1.0455522311502494,0.0010301940589405
PPP3CB-AS1,0.5450428713757287,0.0014368709493436
AC073389.1,1.8740817045937377,6.007591368112984e-05
AL132656.2,-0.7587540658665626,0.0230173875160756
NUTM2B-AS1,0.8141185907884392,0.0033542716390362
LINC00857,-1.3795767206935028,0.011009686353827
AL603756.1,3.103930110830687,7.619872869174609e-08
AC067750.1,-0.7765431368949213,0.0054983689475267
ADIRF-AS1,-1.2017654468482597,0.0002343924029782
NUTM2A-AS1,0.3744448754304839,0.0031058389545931
ACTA2-AS1,-1.1652392249257748,0.0043406177119668
AL157400.4,3.6734208544367526,6.216508898009857e-05
ENTPD1-AS1,0.695963838736795,0.0062761172548982
AL133215.2,1.6948070729796292,0.0009169946331229
AL121929.2,1.765318101908061,0.0008451914369191
CFAP58-DT,1.878469157433322,0.0018738773993176
ADD3-AS1,-1.93801474592596,0.0028005065727347
AL136368.1,0.7974219337280342,0.0084125924624803
AL158163.1,1.201964225229018,5.149014240043367e-06
AL157786.1,2.752688089125368,7.206355957762532e-08
AL158212.2,-1.9386107513477688,0.0007491371298806
AL391988.1,-0.5482435517479158,0.0383356540436651
EMX2OS,-1.901410836026529,0.0066867242333323
FAM53B-AS1,1.8839324865603937,0.0013349457943904
EDRF1-AS1,1.6559118156339248,0.0018282892939084
AL162274.2,-1.7808821067765837,0.0076900607465283
AC068580.3,1.3476356271743974,0.0029267206322592
AC068580.1,1.6771384915322325,0.0338688483356403
RPL26P30,-1.4109869372152637,0.0245973725711909
AC022762.2,-1.1332286769151865,0.0006173145574038
SBF2-AS1,-0.6867528662645107,0.0013981866129032
LINC00958,-3.84851367899161,0.0004040584703434
AL133330.1,1.8062343643750884,6.554755275602538e-06
AC090559.1,1.766515348203191,4.8204577205298566e-08
AP003557.1,6.681370925146083,0.0007756728101697
FAM111A-DT,0.8987782623827931,0.0041989650406354
AP002358.1,2.829155970890424,0.0012342002125366
AP000442.1,1.645467312914229,0.0008556238061926
AP003306.1,-2.7645008304344167,0.011482819054464
AP003774.2,1.8473241103371647,0.001773686470959
AP001107.4,0.7185741870896772,0.0471149296535357
AP001107.5,-2.14996797536615,0.0127107567854204
AP003419.3,-1.1647277074889244,0.0274762632678119
AP003071.4,-2.2379892916010182,0.0050566890661618
LINC01537,-3.7508800228542034,0.0001267235813672
ARAP1-AS2,1.1613665139351503,0.0004095925180063
AP002761.4,-0.7373492091136973,0.0028540924089558
AP003119.3,-0.8562963593604768,0.0118125394166256
AP000873.4,1.3962665856001493,3.252924868209085e-06
AP000786.1,2.0038151999460965,1.1888198185192013e-05
AP000851.1,-2.7685626663119614,0.0008786225395138
AP001486.2,-0.663977565289004,0.0078774000707833
AP001001.1,1.689709085570958,0.0067647883448544
AP002840.2,-1.2218903910451322,3.6909768177973e-05
BACE1-AS,-1.1434439175730362,7.857194101308407e-06
AP004609.3,-1.331573417897162,0.0006380888590071
AP003392.1,1.4550069602479625,0.0004201115316029
AC007406.5,0.5126260958179713,0.0281630995356699
AC004803.1,-0.8081338437250947,0.0148947808903112
AC005342.2,4.006572612657531,0.0003583549737978
CACNA1C-AS1,1.6062897385498665,0.0034559300424211
AC125807.2,-0.9516394300813495,0.0061217697796342
AC006206.2,7.677076696689194,0.0001597800423744
AC007848.1,6.41551935075699,0.0015456290234364
CD27-AS1,-1.094888144893902,7.752724729260866e-10
AC005840.4,1.2075800400491743,1.1251165499877342e-05
AC006064.1,3.111418226654182,2.2002304409412493e-07
AC125494.2,-0.9911613336570242,0.0369380477922203
AC018653.3,1.1599250057723545,0.0207829772000047
FAM66C,-0.5759112506044906,0.0440130923011685
AC092111.1,-1.726996209497113,5.209134531139263e-05
LINC02449,-1.4958495716553082,5.042496271650033e-05
LINC00987,-0.5580477302490029,0.0437107185319272
AC010186.3,1.155128662346091,1.2853951250391623e-05
LINC02390,6.712660539060941,0.000811566216662
LINC02446,6.575044610894463,4.3627170178263655e-24
GPRC5D-AS1,-1.6151507791211388,0.0005481971412818
AC010168.2,1.7173038045101128,0.0004461199335579
AC092828.1,-1.82729684821947,0.0025623912955796
AC023510.2,2.4630084299357704,9.000531108939513e-07
AC092794.1,-1.6140181059058285,2.84898325111214e-06
RASSF8-AS1,-1.4347451035643484,1.2620284111868368e-06
AC024145.1,-1.285577742832245,0.0036757715233765
AC022079.2,-1.8650590237806144,0.0014982500051663
AC009318.4,-1.1311368640808677,0.0222076224348098
LINC02422,5.1920036272810925,7.407227464175152e-16
AC026356.2,-0.9619330616046446,0.0001579345023954
AC084824.5,-1.6947285513047012,0.0008744782201615
LINC00938,0.619367517829383,8.169838529364035e-05
AC025031.4,1.3580463683157766,0.00324641476755
AC008035.1,-1.1114294958906326,0.0131463890419075
PCED1B-AS1,2.7119257101127223,4.757438614636115e-13
LINC02416,5.227584715344542,9.171675954927153e-14
AC024257.3,2.324287654570796,1.8170964357611755e-09
BCDIN3D-AS1,2.0650008777824707,5.881291220884444e-07
AC074032.1,-1.2046589885055738,0.0018546381625886
AC008147.2,1.017167036320214,0.021409978659449
AC068987.3,-1.1306023880955072,0.0243611440033939
NR4A1AS,-2.229939196731074,0.0007456831134523
OR7E47P,2.1831572804425696,0.0001082172339547
KRT7-AS,-3.577251738256326,9.535142763533703e-10
AC068888.2,-1.0400487198740649,0.0338869051333799
HOXC-AS3,4.179459941933626,1.5447694052289768e-10
HOXC-AS1,-2.807884565257332,0.0001923512611149
AC012531.1,1.367907716775028,5.119844514769389e-05
LINC02381,-1.2364046143507166,1.1502679007158804e-05
AC023794.6,0.8175392693887494,0.0166361421493363
SCAT2,1.6512802955873715,4.004699791973549e-05
AC079310.1,-4.482036621028082,0.0009212339333438
TMEM198B,-0.7797928522329556,0.0062623463579049
AC073896.4,-2.35664372744744,2.173844077353556e-05
AC073896.3,0.9869558644483344,0.0281392906915283
LINC02389,2.3811650490236715,0.0021711865913943
HMGA2-AS1,-2.977331303895604,0.0003039229954638
LINC02408,2.3515609199847907,0.0046646291370238
LINC02421,1.927453772409317,0.0033005679695378
IFNG-AS1,4.391604458646651,4.685038136166805e-25
LINC02384,3.0656140222747355,3.2189199804538856e-15
AC008033.3,6.6367097346689725,3.1368612774339623e-09
AC020656.2,3.611910604472736,9.678083790749268e-11
AC025569.1,1.1273410325909463,0.0020334933336032
TRHDE-AS1,-3.517634256846735,0.0004939183234588
AC027288.3,-1.639773901957569,0.0034815451306963
MKRN9P,7.320544829483826,4.136972249514283e-20
AC010201.1,-1.7430026941978205,0.0221658657569858
LINC01619,1.6919138480653104,8.858485917872893e-06
LINC02397,6.547954584190583,1.7443080835321398e-19
LINC02413,6.517684368871908,0.0014336181335905
SOCS2-AS1,-1.7638493770418466,7.29691580846053e-07
CEP83-DT,1.0733323401245438,0.0029677318139341
TMPO-AS1,2.0057873075836605,8.87744439992534e-08
SNORA53,-0.9111448668569996,0.032690238802796
AC079174.2,-0.952109390249712,0.002619745520454
AC007569.1,3.8809757694897713,8.747598156672464e-12
USP30-AS1,4.520995188078216,1.807977139458521e-17
FAM222A-AS1,2.271500121195304,0.0001610728543517
AC007546.1,1.438979219184597,0.0003839337881496
LINC00173,-1.325288264758628,2.2183613709185185e-07
PXN-AS1,0.7771444178002181,0.0121636627078503
AC084018.2,1.5008527345808569,0.0065870362377402
AC073592.1,-2.082088939396771,7.487521799538488e-05
LINC00943,3.7062585981038905,7.57877494833847e-10
LINC00944,3.826308356386823,2.63852190619027e-07
AC079949.2,-1.0592903843354815,0.0380938074248744
FZD10-AS1,-2.615099990587715,0.0002926860736862
AC131009.3,0.8319576875611526,0.0128303867074276
FAM230C,8.197948347349467,5.599805221383586e-05
AL355001.2,-1.0696331873313472,0.0345531411074905
LINC00539,2.535012350523395,7.712245569499155e-12
LINC00327,-2.739450674852634,9.913899801257772e-05
LINC00543,1.7439828742825767,0.0457170190383537
LINC00426,3.929300499459478,6.907636539004543e-24
LINC01058,1.9389811906530028,0.0040683728033765
STARD13-AS,-2.4297256827489413,0.0364431499825467
AL139383.1,-1.9724701578576485,5.549439832972728e-06
AL161891.1,0.8993932964306466,0.0201848283175929
LINC01048,-3.446684814476744,0.0026669656949292
AL354696.1,-1.2292781079013195,0.0110881098308583
NRAD1,-2.774082862096196,5.9547237710790475e-09
SMIM2-AS1,-1.621950847936788,3.0045440988071886e-05
TUSC8,-3.557112121378808,3.8097205606662174e-06
LINC00563,2.216347044243411,0.0014114224153432
LINC01198,-2.7100625629468467,0.0026383211006086
RNASEH2B-AS1,0.8983866892015145,0.0098165478385908
AL162377.1,-1.1906658765023082,0.0010876499341735
MRPS31P4,1.3149424902072206,0.0001646432851447
LINC02335,6.71284250715933,0.0009734896432107
LINC00355,8.439184632807066,3.00747452887096e-05
LINC00402,4.872149653736593,3.498526622298895e-12
AC000403.1,-1.741463479333513,0.0003009297768704
LINC00564,8.974381382011122,0.0003738506485235
AL445647.1,6.840427563689717,0.0008052136197237
DOCK9-DT,-1.389022849559017,0.0007601367295204
FGF14-AS2,-2.412746179180271,1.102653058575612e-05
AL139385.1,-1.986533761385652,0.0033706115746028
PRECSIT,-1.7495527587951627,0.0004767943657615
ANKRD10-IT1,0.8163502256901642,0.0004095874809233
AL356740.1,-2.130128250539685,0.0002179912202326
MCF2L-AS1,-0.9868497723687678,0.0412180963662862
AL356740.2,-2.3699114082622152,2.1069525172191836e-08
AL356740.3,-2.57221642545175,7.492339415332386e-05
GAS6-AS1,1.6617124542995083,1.63122246900695e-05
GAS6-DT,-1.0453865215907696,0.0090013014229738
AL355075.2,1.2987299344685723,0.0002924573271945
LINC00641,0.6367669225524001,0.006502651387469
ZFHX2-AS1,-0.8384300779718342,0.0011879480780322
AL136295.2,-1.066399473935734,0.0246090556035486
AL136295.6,-0.7812681228544434,0.0125223134695056
AL136295.7,-0.5310577492310912,0.0258304878370891
ARHGAP5-AS1,-1.597427615130972,6.526277041018157e-10
LINC00648,4.419205942252454,2.8722927322646065e-11
AL606834.1,-2.1551180293073937,0.0002313791803558
AL606834.2,0.7541949233587888,0.0438606433560601
AL049838.1,-3.2645122530949084,4.882553740943329e-05
AL132989.1,1.4249703854502842,1.0731420358084534e-06
AL355916.2,2.10833037371292,0.0008778060187694
AL121820.2,-2.2123177450390683,4.035580703465528e-06
AC004825.2,-1.414372241369071,0.0051636539735856
AC005519.1,0.7970614029799182,0.0007127227541982
VASH1-AS1,-0.713434855268387,0.0004205069338862
LINC02289,-1.1525266316236995,0.0012311214847637
LINC02308,-2.9141155114984736,0.0023551226448258
LINC02328,1.4732556503307388,2.53595382407888e-06
FOXN3-AS1,-1.2933500391077175,0.001329429299136
AL512791.1,0.9116795171453276,0.0152260806747317
AL135818.1,1.090735236310579,4.519476622521176e-06
AL135818.2,1.2758758694671155,0.001041914664441
DICER1-AS1,-0.8792328972156396,0.0004279739420846
SNHG10,-0.7617414165640308,0.0383213936618842
TCL6,2.756440337142434,5.168908083375859e-07
LINC02325,7.809588718484029,6.911179246980719e-05
LINC01550,1.1387899754324908,5.997661111415315e-05
AL157871.2,2.473304944595454,0.0002716160477574
MEG8,-2.172083885795402,0.0396613335381215
MEG9,-2.35676956655944,0.010185929662083
DIO3OS,-2.5908124829715096,0.0001324415010719
AL049836.1,3.3439227145156307,0.0007479013357786
LINC00239,2.853999986553611,1.9562484728194165e-07
AL137779.1,2.605753993517835,0.0001402011501665
AL049840.3,1.2487815573660852,0.0256902903990909
AL049840.4,-0.8567713887782469,0.0126815849560751
AL049840.5,-0.8621563617753106,0.0122237423905964
LINC02280,3.580589366013255,4.04221337826405e-05
AL583810.2,-1.3179319544680068,0.0422498239071034
AL583810.1,-1.9716545553303333,0.0004947941233267
LINC02298,-2.221276395617244,0.0003434853953749
AC026495.1,5.380078750291824,0.0002777060126584
SNHG14,-0.6928507683704991,0.0060685478104878
AC010809.1,1.016907942365221,0.0043437438853422
LINC01852,-1.100223514947617,0.0010655161334436
AC116158.1,2.163179974763321,0.0002039665629175
SPINT1-AS1,-1.338368837970446,4.882260846510134e-05
AC025580.1,-2.25263698302518,0.0015111087671682
AC025580.2,-1.2235063979398952,0.0025844714953406
AC021752.1,-1.7578424203285186,5.3664963463289374e-05
AC020891.2,6.972525483979367,0.0007095016020047
AC066613.1,1.9915951810950965,0.0002004459746149
AC025917.1,1.8015801039752053,0.0006317809250602
LINC00926,2.956386850848755,1.1177618192214217e-07
AC025271.4,-3.1489867102182587,1.6915715673567527e-05
AC103740.2,-1.165994092062181,0.0121317454280976
TPM1-AS,-1.5965024540127697,0.0003184473817753
EWSAT1,-2.345437698921753,0.000391055082114
ADPGK-AS1,1.2269151860990144,0.0307111408903158
LOXL1-AS1,-0.5720958477576199,0.0012576686270639
AC068870.2,-0.668107012375529,0.0496959715297309
TMC3-AS1,1.02519839408019,0.039587297602479
AC105339.3,1.4192511384940758,0.0044477402226498
AC022558.3,1.2764882366893646,0.0119875974254204
ZNF710-AS1,-0.3984665474171959,0.0311366717406387
LINC00930,-1.5205585762315856,0.006263643963627
AC091544.2,2.17859412976517,0.0054258260529234
AC106028.3,-1.202030563790079,1.3188100021769094e-05
LETR1,-1.529204188226746,0.0121208787139693
LINC00924,-1.3008079568535038,0.0355539858046841
AC024337.2,-2.934049297271921,2.592354722386728e-07
NR2F2-AS1,-1.1484781948432958,0.0040883713157254
AC012409.3,-3.0682973252799703,6.797234031939518e-06
AC087477.2,-1.217384969482148,0.0281992319108716
AC036108.3,-2.862672166364827,1.6345160742258908e-11
AC022819.1,-1.0695411289718026,0.0204175262280305
AC015712.1,-1.172066083204184,0.000231553649587
AC015712.4,-2.077997556199976,0.0044103797794121
AL031600.1,1.6681376171385265,0.0254891677130107
SNHG19,-2.182326090168414,0.0009094448443141
AC106820.4,-1.2849714179174387,0.008444899079783
AC093525.7,1.432387941442388,0.0294430238992437
ERVK13-1,0.9383579333158144,2.271550701261687e-05
AC004233.2,-1.3255726680746291,0.0006739966179183
MMP25-AS1,0.6092038990463721,0.0048089463665438
AC108134.4,-0.927767876312105,0.0205712806891939
ZNF213-AS1,-0.6189268062758476,0.0194110009107534
AC004494.1,4.182918354587301,2.5430936907966706e-17
LINC01569,-0.4965635063373039,0.0331167679370215
AC092119.2,1.1512415916357612,0.0016755152465627
RRN3P3,-0.7747747761239179,0.0057075418373593
AC008915.2,-0.8703517339471509,0.0159661353434762
LCMT1-AS2,1.0217998880222594,0.038252134678245
LINC02195,4.998633127961203,1.601459068906803e-07
IL21R-AS1,2.965022181141366,1.7047277682675924e-07
AC109460.1,1.2882384669700984,9.055179044928222e-06
RRN3P2,1.928289936405566,1.953256284275415e-09
AC009093.1,0.6149721865111417,0.0426952945257112
AC009093.4,1.2458451211628463,0.0406548882255729
AC009133.3,4.644125524001598,2.288886023291059e-15
FBXL19-AS1,2.01934288367119,1.620148236836832e-09
AC135050.3,-1.835718790522492,2.5762739118973207e-05
AC135050.5,1.445368672820636,1.3144632670141125e-05
AC135050.6,-0.5385969204125292,0.0027860258894237
AC009088.1,-1.0672869332880843,0.0147515953855947
AC093520.1,6.912424058691702,0.0005556580321467
CLUHP3,0.8781553050603924,0.0010450893673982
AC096996.2,-4.8915349597958535,0.0212278635781751
AC007728.3,1.8884171298274968,0.0159125036049677
AC007342.5,1.7317833469594264,0.0002131301895656
AC018553.1,-1.59109061992802,0.0006363386307842
AC106738.2,-2.704240889925108,0.0002855135096033
AC007336.2,5.491282638491181,7.768023583697552e-07
MMP2-AS1,3.6829963306802,1.4136480593038018e-13
MT1JP,-2.7559754949191766,0.0038807115140874
AC012181.2,2.030461709740774,3.487284277314696e-07
AC012181.1,1.3361586715825289,0.000175645651243
AC023825.2,3.724632132877388,4.1058092806890644e-07
AC009118.3,-1.626560652973819,0.0001063702290338
LINC00920,-1.0851198224870162,0.0023435558835854
AC009095.1,1.9043075113761656,0.0065220057222631
AC020978.7,1.073073286648538,0.0010035075495427
VAC14-AS1,2.670106849946607,9.009774692086808e-05
LINC01572,1.857960116448031,0.0025828075393441
TMPOP2,3.795379353571007,7.723674422755699e-05
AC025287.3,2.1187399416482484,0.0002455670758205
AC079414.3,-1.9392113726583968,2.3154989150729216e-06
AC027279.1,-2.511741895280532,0.0001052884067751
AC092376.2,-1.4466109468228932,0.0066392433869052
LINC01229,1.7228956224208614,0.0028981169404365
AC099524.1,2.997007232322256,4.600665650728685e-08
AC092145.1,4.355822446552642,8.641682210345369e-12
RN7SL381P,3.093924338765555,2.5976833231428408e-08
AC018695.6,-1.644316105264184,0.0012255987262316
AC018695.4,0.9875880980196166,0.0331120475499949
LINC02132,6.601765973450572,0.0013184154478121
FENDRR,3.132937234315981,2.290462507022933e-05
LINC02188,-2.741120419272976,4.878507777829743e-06
AC138028.4,0.9792288545623208,0.0001439629601928
AC135782.3,2.444461978883923,0.0003438637951365
AC137932.3,1.442268778301285,5.240357597762295e-06
AC092123.1,0.8346548944399977,0.0442000852827148
LINC02166,-0.9050811192513628,0.0452114855647948
AFG3L1P,-0.3698793044040512,0.0308566197149975
FAM157C,1.1070504104092151,0.0153995506510436
AC116914.2,1.7851258342251664,2.2651797859284873e-08
AC116914.1,5.828606400673528,6.023223674402336e-05
AC004706.1,1.6771324605350488,1.3274201082596995e-06
PRAL,4.71408219270505,2.2845768212559768e-10
AC040977.1,-0.7763652575476236,0.0137035145311312
AC002091.1,2.0288825535898,4.065886137027464e-05
AC087501.4,-0.9957401792555248,0.0009137558915153
TMEM220-AS1,-1.8571873365744629,3.16018876267777e-05
AC015908.2,-3.188053430073741,0.0014855225492362
AC015922.2,-0.9710094107739248,0.029951392726423
AC015922.3,-2.2492868081318083,2.765098836256001e-08
SNHG29,-1.296205742785315,2.845423269073529e-05
AC122129.1,-0.904612646483483,0.0201139239424989
LINC02076,1.366193142300697,0.001977001383098
AC107982.3,-2.0287461480923548,0.0001142427100513
AC015726.1,-1.4759897990687112,0.0002355213952815
AC015818.2,2.6577007664936527,1.77966576369803e-06
CCDC144NL-AS1,-1.7135664712827157,0.0072076773344589
TUFMP1,2.278742211981715,0.0220585036003059
ERVE-1,1.0775734811005797,0.0285774962035709
SPAG5-AS1,1.1088288754227689,0.000566450109201
AC010761.3,1.0151816474908235,0.0128117298223406
AC024267.3,0.9649736631359273,0.0273057669848371
AC104564.3,0.6750568908687735,0.0271411104367267
LRRC37BP1,-0.4156758993035146,0.0353733325714513
AC003101.2,-1.764567425557945,0.0045383951629797
AC004253.1,-0.7105125851144283,0.0108260068979062
AC116407.2,1.2956000040856597,0.0019210541853759
AC060766.4,-1.99182969720588,6.230021032576281e-05
AC015911.3,4.806433665304247,1.025493126059284e-24
SNHG30,-1.0663210152808318,0.0004816033120299
AC005288.1,1.1905517432306605,0.0042024150867528
AC087491.1,-2.201131490404796,0.0001554124215275
RARA-AS1,-1.1922799324702025,0.0003039797809232
AC004585.1,4.711852610341445,2.5318003549746777e-22
AC099811.1,1.6231419651497976,0.0019435540129355
AC067852.3,1.1413164306606955,9.925470195160796e-05
AC100793.4,-3.721220579289128,3.0120375947892825e-14
AC060780.1,1.0264723117341257,0.0023122981964936
RUNDC3A-AS1,1.7014022400386772,0.0057742373884502
AC142472.1,-1.1648342774503329,0.0055702551372615
MAP3K14-AS1,1.7510266462501558,4.155800354194085e-06
AC004477.3,-1.300763812442656,0.0183785508286204
HOXB-AS1,-1.1850831275142644,6.32219760144425e-05
LINC02086,4.3608864330253,2.850593925821849e-06
FLJ45513,-0.7674233234864444,0.0054417824356741
TSPOAP1-AS1,2.51596807645214,2.894056662247797e-07
AC099850.1,-0.8745781358053467,0.0132789697287685
WFDC21P,1.3322253903925323,0.0040415981168647
AC005746.1,1.971868397735224,0.0010397467910806
TBX2-AS1,-1.4270427063707027,0.0008399957416318
LINC00674,0.4637655914031435,0.0387271254498297
LRRC37A16P,0.8528695977259855,0.0038194438004041
AC005332.3,-0.5922029997379804,0.0494654351746865
AC005332.2,1.4342219801389426,8.745120504110936e-07
AC005332.4,1.8006882766928287,4.483817281096629e-13
LINC01497,-3.857769517016493,0.0006609039235803
LINC01028,-4.105303600896303,3.1693513396322e-08
KCNJ2-AS1,-1.2042543216213624,0.0303327730260319
ROCR,-3.134337313316015,0.0009250039582905
LINC01152,-2.05645924070172,0.0001622301144508
SOX9-AS1,-1.980308611579373,0.0210962624783696
RNF157-AS1,2.6117362503604324,5.0463321018069415e-11
AC015802.4,1.2137122962614626,0.0010698606722948
SNHG20,-0.4164470343357616,0.0128296898781459
AC111170.1,1.1040116946256722,0.0374280720367012
LINC01993,2.818953662685768,8.273339116344394e-05
SCAT1,3.2727081486251395,1.6726964232836742e-09
AC087741.1,-0.865004984067174,0.022792138458726
AC027601.3,-2.1831367214559565,2.331037358750213e-05
AC027601.2,1.0081325310514428,0.0309686245058204
AC110285.2,-2.8890469208797693,2.599402190453196e-06
AC145207.8,1.4960115771891966,0.0137610112619822
AC132872.1,-0.717418535775916,0.0042083799533451
HEXD-IT1,0.8323868636783273,0.0193120397237498
NARF-IT1,1.37264773816034,0.0010430021625589
AC087222.1,1.693160109442827,3.433248148967809e-05
AC144831.1,-2.063845333365772,0.0050405364805551
AP000915.1,-1.1107076302265564,0.0226584093078882
AP000829.1,6.583249194492412,0.0010026534391543
AP005230.1,6.865648400048141,0.0007503830430078
AP005329.2,1.1316993136851576,0.0045088820249362
GAPLINC,-1.4981010909350476,0.000705749151479
L3MBTL4-AS1,1.0081353080559945,0.0203863048073195
AP005899.1,1.3975883097602313,0.0024151090329809
NDUFV2-AS1,1.3205337753151631,6.267187236307125e-06
AP005482.3,-0.9842649199022748,0.0140399476255944
LINC01882,1.5765101440873086,0.0236496798286336
LDLRAD4-AS1,-1.5192112566810632,0.0080408039011487
AP005131.2,1.3568183503142128,0.0090396194841228
AP005131.1,1.412706802374265,0.0001284431297468
AP001010.1,1.3740510064688696,0.0156639365402539
ANKRD20A5P,4.075387182320095,1.7520043814594982e-16
AP005121.1,2.6473197859289925,0.0009079783103944
GATA6-AS1,-2.5613739739897605,2.704809550369829e-05
AC090772.1,2.787875471457586,4.732436069297757e-07
AC090772.3,-2.241865906526885,0.0006958045186796
AC007996.1,-0.9052238730810432,0.0115820538102451
PCAT18,-3.541907541770128,0.0001863797596844
AC011825.2,1.2959824702067058,0.0303067722460557
AC023043.4,-1.3336060696844532,0.0083506783510825
AC012254.3,2.270451644981131,2.9337338539757026e-06
SNHG22,-0.9721097433998784,0.0257666030554094
LINC01539,6.311446001854544,3.668994776887574e-05
LINC01909,-2.541931426644944,0.0001709154386568
GTSCR1,6.630065710178168,0.0010216059208382
AC015819.1,1.9733977714772928,1.6181549270331695e-05
AC027575.2,-1.0776196766131898,0.0230145853959369
AC125437.1,-1.661091556984822,0.0038298420597496
RBFADN,-1.3451785244674062,6.2613570520660656e-06
PARD6G-AS1,-1.9665932826821524,1.18435029752747e-05
AC139100.2,-1.4779451178081355,0.0022253595240983
AC139100.1,-1.7304705854645528,0.0018817675350069
LINC01836,-1.7867147162423798,0.0027232089595319
AC027307.3,-1.3598888811629453,0.0372589281619325
AC027307.2,-1.6623158473610369,2.430612623661678e-07
AC006538.3,1.6183888919572065,0.0359113979382242
AC007292.1,-1.398675820598263,0.0064965506025553
AC104532.2,1.5518437559680247,0.0001052060388984
AC010503.4,-0.91121671141085,0.0001140175508572
AC008760.2,-1.7341150946068995,0.0055379356594597
AC008760.1,-0.5828097025396145,0.0123287706412365
AC022146.2,-1.3468294385846509,0.031926015917432
RAB11B-AS1,-0.8339414591141442,0.0040040566013059
ZNF426-DT,-1.2413795486790662,0.0049821467917825
AC008759.2,-2.6736668974600963,4.356483315287552e-06
AC020931.1,1.8574591696336336,0.0002854918265991
AC011461.1,1.857254777270733,0.0034432564856183
ILF3-DT,-0.895321102847569,0.0107340984104454
AC008543.1,-1.2889654486234727,0.00021723050793
AC010422.2,-1.6923114113825977,0.0022212681851978
LINC01841,3.2503965733382234,7.499807402198291e-05
AC008569.2,-0.9342108868245428,0.0151125321194491
AC005776.2,-1.0072894871001752,0.0091258179046061
AC005785.1,-1.343755032782713,6.325639485846644e-08
AC008764.8,1.3892155783353983,1.2241384672476612e-07
AC024075.2,-1.2592044557241506,1.980636924865234e-06
AC024075.1,0.8337127867628421,0.0054524068939062
AC010319.4,0.941758856529362,0.0295863270803629
AC005253.1,1.5793774338490976,1.045273848796893e-07
LINC00663,-0.8360839631359649,7.75397181963439e-05
LINC00664,1.5436813567683294,0.0021186061622868
AC025811.1,-1.7838818503729954,0.0028667358467333
AC010300.1,-1.5922326415846575,1.7986516637816932e-14
AC011503.1,-2.563342166966345,0.0023048767012265
LINC00662,-0.5559730896963524,0.0033873352726648
CEBPA-DT,-1.4588511676742473,1.453505603313933e-06
LINC01801,1.5043023509698494,6.502793864764264e-05
AC008555.1,1.1637793236530551,0.0084170436056664
AC002128.2,1.02136340499879,0.0490857558893282
AC002128.1,0.7501620341062962,0.016937939422386
U62631.1,4.221865244472676,3.4798154679744074e-08
AC092296.2,-1.065352765743639,0.0004798263350203
AC074138.1,1.0755028478488555,0.0146983172836769
ZNF790-AS1,-1.0305018652649438,0.0002198544637153
LINC01535,-0.6966413941950178,0.0157243873573554
AC016590.3,-1.2991217805797075,0.0027311125445852
ZNF793-AS1,-1.0112524758908237,0.0199213337794228
ZNF571-AS1,-0.7878384252973143,0.0068625476628629
AC104534.1,0.95042426679035,0.0140448237246769
AC008982.2,1.4467387612524525,0.0003586349751158
PCAT19,-1.2639953864393465,0.0021212635748532
LINC01480,1.5299138251865216,0.0001208520977022
AC243960.1,5.166630219798723,5.234013279221962e-05
LIPE-AS1,-1.6583062030991558,1.2466667097892448e-07
AC074212.1,-1.820733209740245,0.0004386639065847
DACT3-AS1,1.6406038407880936,0.0144062173173523
AC011466.3,1.3932840435729326,0.0068689397612914
AC011466.1,1.0361997533507414,0.0410807829180152
CARD8-AS1,1.7016789760514743,3.823141281849872e-07
AC022154.1,0.9660305111451062,0.0290049521672781
AC008687.3,-3.222265117654437,0.0005903886517821
PTOV1-AS1,-0.8333557273431907,0.0006299214886281
AC008655.2,1.52698612936129,0.0044816857279634
AC008750.1,2.601081643313376,3.7434697995624326e-05
ZNF350-AS1,2.0809276224925264,0.0003824699117537
AC011468.1,-1.112742257522789,0.0032608538286583
ZNF528-AS1,-0.698339012215095,0.007048350430908
ZNF137P,0.960400468677273,0.0102946461323838
AC022150.4,1.4292846556117804,0.0008461648145351
AC010328.1,1.640577032994215,0.0239645668145889
AC010327.5,1.5215391027637384,6.926086978403758e-06
AC008735.4,1.1869482308659212,0.0009428361019819
AC008735.2,0.8296506198625779,0.0027894457892687
AC008735.1,2.3513765954616503,0.0001503385637869
ZNF667-AS1,-1.014605163543156,0.0001960383115834
AC005261.2,1.866288632821893,0.0004483881615723
AC012313.9,1.918096431326428,0.0024627452120443
SNTG2-AS1,-2.4874080849290388,0.0009974032874805
AC141930.1,1.5354218881680275,0.0001425931574017
AC144450.1,2.1489539071129573,5.525743321557621e-07
AC231981.1,2.356040383080427,2.945165713859505e-06
NRIR,4.001674866110217,1.0031138618198345e-13
LINC01871,2.706745286558956,3.6967983606742024e-08
LINC00299,1.7517252729834742,9.486978209845222e-06
LINC01814,1.2358477546996949,0.000203960372416
AC093904.2,1.4290270041974298,0.0299105917207939
AC010969.2,-0.5376980322126838,0.0083898773916801
AC104794.3,-1.3118693508298824,3.114641914847288e-07
AC079148.1,-1.291768461711809,0.0169049974172173
LINC00954,2.451723645455619,1.2789058077628048e-17
AC012073.1,0.958762918350302,0.0140867425806722
DNAJC27-AS1,-0.6039629628901064,0.0327066058202137
AGBL5-IT1,-1.81560068431288,8.272768884102481e-05
GTF3C2-AS1,1.0061908957874517,0.0056500677221377
LINC01936,-1.7840410657105346,0.0037323441771438
AL133243.3,1.1274641621849917,0.0059063040383347
AC007390.2,0.7468709301899596,0.0229386725113704
AC006369.1,3.850755121346471,3.666262243228031e-13
CYP1B1-AS1,-1.253603837558826,0.0033283031439516
LINC02613,-2.8365005099791283,2.2239420439045424e-10
SOS1-IT1,1.5214318937162228,2.633350144294707e-05
LINC01914,1.5646637739762417,0.0006556176570184
LINC01819,-3.696841879807784,2.031118840637852e-07
LINC01126,1.9757633409000328,7.432817606609905e-06
LINC01833,2.486533335816619,0.0398906302373912
BCYRN1,-1.0294604406402017,0.0093063422785706
AC008280.3,-1.1276635014566685,0.0042801304725013
AC007743.1,-1.5636159890356924,0.0009097274975569
LINC01122,-2.9622345129433145,0.0001777035880908
LINC01800,2.646740494685975,6.453560008456378e-05
LINC02245,2.533549416828824,0.0005225979283936
LINC02576,4.148417205906554,2.34023310854311e-18
AC073046.1,1.642809105251998,0.0101223766808508
FNBP1P1,2.673906302023678,1.6585174623373591e-09
AC005041.3,1.8513337602932785,8.276519267701781e-05
LBX2-AS1,0.7920237667745359,0.0090782334225753
LINC01291,6.7239856830499525,0.0016281780169482
LINC01293,7.374224684193686,0.0006052480268864
EIF2AK3-DT,0.9408027595661572,3.63527363723402e-06
AC008268.1,-5.207135066816668,0.0002400015719997
LINC00342,-1.6124777669962314,4.39405756247069e-07
LINC02611,0.9652066527230784,0.0001609819909457
AC018690.1,0.9167079273279892,0.0205609127504787
AC016738.1,-1.9547214324101645,0.0016535060959781
AC007278.1,5.249628343191177,3.0916622811003465e-08
LINC01106,-1.4891515963896167,1.6190139058388533e-07
AC108463.3,1.8273821114708992,0.0069598685422461
AC110769.2,1.9259190647754127,0.0039207273472657
AC073257.2,-3.271159750332573,2.2077634171269686e-09
MAP3K2-DT,1.1661344876139212,3.175377715942366e-06
AC010976.1,1.5863314738214784,4.7595471450784514e-07
AC010976.2,-2.2721766156145704,0.0004871561159266
AC012306.2,-0.6324694792438189,0.0350511938282729
LINC01087,3.1366529011580315,0.0005205604877875
AC097532.2,1.868701850430911,0.0030185595027969
AC079584.2,4.492284418591932,1.6904048597060849e-06
AC092484.1,6.540489729962269,0.0018818466955422
LINC01806,0.922611388849132,0.0201377535226495
ITGA6-AS1,1.2533426977213582,0.0316642615867912
AC010894.3,5.14680820574952,4.8182365441556094e-14
HOXD-AS2,-1.1247430268298042,0.0049875699788136
LINC01117,1.519361031865068,0.0039885614644538
DNAJC19P5,1.221474088962531,0.0186261373372146
CHROMR,0.6138784433314048,0.0118828108745293
TTN-AS1,-0.8245228654303914,0.0250589565733572
LINC01934,4.784102915444215,1.66383585954549e-19
AC114760.2,1.8263739502084813,0.0001965626509587
ANKRD44-IT1,1.6101339069006693,0.0016850081576809
CFLAR-AS1,1.380504129221608,0.0002372396558166
AC069148.1,-3.658110883935628,2.6550848609315063e-05
AC064836.3,-1.1406191855213588,0.0276181095895166
LINC01857,6.700330095099379,1.174390750366941e-22
LANCL1-AS1,2.1981424299221866,9.308111182905792e-05
LINC00607,1.0167744095731486,0.0196734890588147
LINC01614,3.556640517058708,2.4393363589138678e-11
AC021016.2,-0.6115041484504741,0.0354013342061902
AC010735.2,-2.596132040899996,0.000233148751031
AC009950.1,3.297206120579295,6.4304481119437514e-21
AC010149.1,4.548095061655894,6.976419455645441e-05
LINC00471,0.9913800645608009,0.028771307559886
AC013726.1,-1.07424105448027,0.0113518113327099
AC104667.1,1.4508699166583048,0.0100424068610401
CAPN10-DT,0.5285189667442015,0.0175209786371181
AC005104.1,1.0654780968358248,0.0320156258365016
LINC01237,1.4337636119291262,0.0112223701898688
SDCBP2-AS1,0.7449187768694246,4.069606519936536e-05
SIRPG-AS1,6.624366601308892,8.032144518836767e-10
AL117335.1,-1.997045024647108,1.5832794025094742e-05
AL109976.1,-1.5680210056534551,0.0142266402255171
AL031670.1,0.7080446550076643,0.0265280208459569
LINC00654,0.7345458225402138,0.0243310991658734
AL035461.2,-1.994025705376012,0.000510845675359
AL117332.1,-1.4071131527167564,0.00169105608407
LINC01431,0.836679895928417,0.0096544169419058
AL035252.3,-0.9363386087095934,0.0081840748983224
ZNF337-AS1,1.0427038663492294,0.0114719259594193
LINC01597,2.12724354683638,0.0013294296640161
HM13-IT1,0.8471620507328752,0.0138034795520743
AL121583.1,-1.6658024484829237,0.0084878349207092
AL034550.1,1.7274457991130074,0.0117757364714955
AL035071.1,-1.5023035968603395,1.5487418730151861e-07
FER1L4,2.519951386519574,6.303114686047639e-11
NORAD,0.591758434420337,0.0214952962063224
AL109614.1,2.1951953955192183,9.215032853194804e-06
SNHG11,-0.5534983621298714,0.0433687618164479
OSER1-DT,-0.6809968874319144,0.0121405631933895
AL021578.1,-1.6574613484425829,0.0044948137999462
AL031666.3,2.426109591942299,0.0013452038249419
LINC01522,4.571237097836471,0.0013623876890538
LINC00494,3.821377258064377,7.671813031285629e-12
ZFAS1,-0.8789554992435632,0.0169588585250037
CEBPB-AS1,-1.0392775738300557,0.0256663420278533
AL133230.1,3.590429168321059,3.5642079256467495e-18
AL157838.1,2.435017961524657,3.881479633302508e-11
APCDD1L-DT,-2.4216270154261803,4.845915796921031e-06
AL121832.3,1.1544777065201768,0.007250239797809
AL357033.3,2.0636055694516666,0.0001051118532442
SLCO4A1-AS1,-1.4155347660032198,0.049968513667633
OGFR-AS1,1.389786166733463,0.0261976928805917
AL118506.1,1.2041268401061718,2.9993141758512026e-05
ABCC13,3.2498588898255285,1.3352776090019303e-06
AF127936.2,2.588067643374407,1.0131872477986321e-07
AJ009632.2,1.469384343023308,0.0062265076081294
LINC01684,2.614013396379302,4.897830740255643e-11
LINC00158,3.0580001284133966,6.749075053944805e-07
LINC01697,-4.172831797547056,2.5167812871481428e-05
AF165147.1,0.937534654376167,0.0042771103013042
AP000240.1,-2.2538469823053937,0.0003482414723394
BACH1-AS1,-1.9536703146962195,0.0023199453227716
PAXBP1-AS1,0.9593719396889056,0.002067624805932
LINC00649,2.768452694463212,4.686851397482291e-27
LINC00160,-1.1123229300331596,0.0270516520567711
LINC01436,-2.140883837411198,0.0004516348062911
CBR3-AS1,-0.8524475875410056,0.0026265923409304
AP000692.1,1.490903528003752,0.0001739910875805
DSCR9,1.360060142621253,0.0055852345519114
AP001432.1,3.828387990212735,3.643577389920234e-07
PLAC4,2.6160160192437445,3.2894179707247663e-06
LINC01671,-3.0620710357432963,3.234473412711611e-05
AP001628.1,-0.9734699902340036,0.0312077081873905
LINC01679,1.3882563407540407,0.0083724665306543
AATBC,-1.261215700467781,0.0141561646057633
AP001056.1,2.604548443875767,0.0013294437871506
ITGB2-AS1,2.2024300845982285,2.3092716360986577e-05
AL844908.1,1.1763370916372822,0.0134998973434284
AP001505.1,-2.086194878161609,7.646740915451646e-05
SSR4P1,-1.285535505156797,0.0071444380434817
LINC00205,-0.9335858106061924,0.0011475344886458
BX322562.1,-1.6795704739517692,0.004818505624126
COL18A1-AS1,-2.855772389984761,0.000753473983963
AP001476.1,-1.4137944138770877,0.0238202665020287
AP001469.3,-1.0399573950649823,0.000131062558916
DUXAP8,1.1378287223077723,0.00920090190853
TPTEP1,-3.2571541038312533,3.195198205250341e-13
CECR7,-1.976075840471476,0.0002204371207563
AC006946.2,-2.21672633855217,3.7116029008232114e-08
AC006946.3,-1.92166882828796,0.0103124263114041
LINC00528,2.707710480471727,7.51731035604444e-06
AC016027.1,1.030561228220242,0.0126576469798808
AC007663.4,1.7070866300373064,0.0004555730879802
LINC01637,-1.0277772201933533,0.0233863736062048
AP000345.2,-1.929143448853576,5.687885085444176e-07
AL022323.4,-1.992994282936844,2.157697889732539e-06
AL008721.2,-0.7952004471176211,4.388445847323761e-05
MIAT,5.116259004040052,5.331719285211143e-87
LINC01422,0.8955682067374187,0.0015247661002535
TTC28-AS1,-1.0513704069304155,3.8065397212378387e-10
Z93930.2,-1.3586380645227152,0.0014212431458332
AC005005.3,-1.8151204081299448,2.669190884429467e-05
LINC01521,1.013088454912897,0.0098383777885814
Z82188.2,3.117271389143584,0.0001459366099656
PRDX3P1,1.903628191053427,0.0019561905750893
AL021707.3,1.3362942564210687,0.0044701686605929
AL031846.2,1.1328764976691132,0.0279475042136502
AL022238.3,2.071858131027261,0.0040857739347502
MRTFA-AS1,-2.2354423428700048,0.0001200431286698
SREBF2-AS1,-0.7931664879503503,0.0002480730760137
LINC01315,-2.8494487342553594,7.529595558850514e-05
AL022316.1,1.8173810872709648,0.0006338728456447
AL031595.2,1.4115509239682762,0.0229910735502377
NUP50-DT,-0.3437327469055276,0.0357683358178189
LINC01589,-2.871804725435543,0.0005681559948545
BX537318.1,-1.5166841921398275,0.0008708005697068
LINC00899,-1.756210154020149,2.210301358269956e-05
PRR34-AS1,-0.9877690754557666,0.0190881461953183
LINC01644,3.612980842843634,9.259828401174224e-06
EPIC1,6.340342757881332,0.001654192676465
Z97192.1,2.116600398093037,0.0003503064560078
Z97192.2,1.8255496281569048,0.0001100426050989
Z97192.3,1.7624135851586022,0.0002348511142392
U62317.2,1.2926645230901586,0.0019306065181019
AC018816.1,2.971714862914857,2.622092996992361e-06
BHLHE40-AS1,0.6498624062168393,0.0467786582022354
AC026202.2,1.2679274303927506,0.0298398897211691
THUMPD3-AS1,0.5264888299148468,0.0078238753170797
PRRT3-AS1,-1.415860231635004,0.0001369034307057
AC022007.1,-0.6869687898729037,0.0115707339716066
AC093496.1,-3.458751502364127,0.0014142075377497
AC090948.1,1.163740124294966,0.0016167260163721
AC090948.2,1.9388605127915493,0.000622094135897
AC090948.3,1.567584554809711,0.0002699846600686
SATB1-AS1,3.0934850678346333,2.2848109520617688e-11
THRB-IT1,-3.582346143268329,1.289864586941837e-06
LINC02084,2.5848457775735474,2.4451557792719427e-10
LINC01980,7.081216926684372,0.0004625206624218
RBMS3-AS3,-2.5940132839608623,0.0005408788913291
AC097639.1,-1.9011883817152595,1.1849850447949129e-05
ITGA9-AS1,-1.8255299795758984,5.2506364242030987e-08
ACVR2B-AS1,-1.1543559094515392,0.0051515572426895
VIPR1-AS1,0.8402299869631649,0.0116029863116442
CCDC13-AS1,-1.8266970642896487,0.00299619568197
AC099329.2,-1.961068262146497,0.0043468058468163
PRKAR2A-AS1,1.0007370110579874,0.0059588143294717
RHOA-IT1,1.6640981217437307,0.0004635738255177
U73166.1,-0.740645743322158,0.012027045422458
GLYCTK-AS1,0.8565770829600716,0.0207955504476535
PSMD6-AS2,1.6997810628723578,3.0166898980912897e-05
AC012557.1,1.1387656140822542,0.0014719924340915
ADAMTS9-AS1,-1.7579123269970989,0.0004089792883588
ADAMTS9-AS2,-2.03288347819994,0.000562789248801
MAGI1-IT1,-1.395939227264113,0.0396302361128931
LINC00877,1.521029339320758,6.108083511414322e-05
FAM86DP,-0.918046170948458,0.0004991987505549
LINC00960,-1.926465544533405,5.250875234842964e-05
AC069222.1,1.4660790940630275,0.0103075409149648
ZBTB11-AS1,0.827131421093389,0.0075325144272442
LINC00882,-1.9470277381516967,0.0095514001959801
DUBR,-0.6820451803581,0.0409585683902801
LINC01215,5.943121286058479,3.1241235778704364e-26
LINC02044,1.4403050055712916,0.0023573490300972
AC093010.3,-1.3893678021051086,4.0727349317731485e-11
ZBTB20-AS1,1.827564496582708,0.0001798417016388
LINC02614,-0.8261787920175302,0.0056266325632529
AC092903.2,-1.3405955449991114,0.0178270797302489
AC112484.3,-1.7061333141492463,1.424707443049876e-06
AC108673.3,-1.6660717024635032,1.191565486623952e-05
RPL32P3,0.5392946247062691,0.0052982893322563
LINC02014,4.081503687648743,5.185359889612093e-06
LINC02021,-0.803641339709684,0.0125967458606524
NCK1-DT,1.3752556446676645,1.7579377549032412e-11
LINC02010,8.638765353678906,2.749066079201677e-05
TM4SF1-AS1,-3.1232425608376264,2.0164821665879025e-05
WWTR1-AS1,-1.415721186093891,0.0030456007340188
AC084036.1,-1.3005807671861016,5.477659138030722e-06
AC080013.4,-1.5178861472409235,5.9040495101615525e-05
AC080013.1,-1.583077494018721,0.0013644316873489
AC080013.3,-1.5139955974622763,0.0018263202772209
SCARNA7,-1.6416704902895192,0.0058964902973793
AC078795.1,1.7681980490089644,0.0007635523162424
KCNMB2-AS1,3.86084040845307,8.306321741826535e-07
AC007620.2,2.436501808143704,2.163391120565881e-17
AC092953.2,0.7881304364325258,0.0460306020062099
LINC00888,-0.880947056777724,0.0001409653046852
YEATS2-AS1,1.1967606040608054,0.001497199988478
AC107294.2,-1.0110958741052072,0.0066582396913216
AC112907.3,1.195112322598585,0.0021097297513194
LPP-AS2,-0.759221191793601,0.0118212334387463
XXYLT1-AS2,3.3639869940358547,1.5845199291426914e-06
ACAP2-IT1,2.911581990114552,7.103801769034152e-07
TNK2-AS1,1.889236876111136,2.478045117851739e-05
AC016949.1,-1.1449146431658237,0.0002323376973043
NCBP2-AS1,1.5943302041685814,0.0001230869255095
MELTF-AS1,-1.292356729077556,0.0025934202130026
DLG1-AS1,1.453255759910456,0.0434017650907938
AC139887.1,1.1855042829032567,0.0158155328360074
AC147067.1,-1.2411435185937658,0.0346712353636795
LINC02600,-0.5961555120932887,0.0173562634140255
STX18-AS1,0.753733594677674,0.0146472927575323
LINC02447,-2.1852339063937096,1.1656310716610917e-06
LINC00504,-1.7127237176405166,2.821647652588656e-06
TAPT1-AS1,-0.6553101923710718,0.0038664474778521
AC097515.1,5.579352679756876,0.0001251504179098
AC024230.1,5.701229053413874,1.8637367746703802e-07
LINC02506,7.73369486923487,4.271843174112841e-09
LINC02616,6.773713139573861,0.0023058387984803
KLF3-AS1,-1.1691686480890244,0.0004723078085482
AC079921.1,2.346842506778555,0.0002701814025436
AC095057.3,-0.6434249494373611,0.0266174190469276
AC098869.2,2.3288421319537025,0.0008745169909787
AC096734.1,4.2282002823909,2.064591851495489e-09
LINC02475,4.525377805896997,7.323098084192754e-06
DANCR,-0.7646626009260192,0.0003392878608172
AC110792.3,-1.2983928969187255,0.004165045467377
AC069307.1,-2.027214548098443,9.853780788161872e-05
LINC02562,1.1212286573215953,0.0035806205444341
LINC01094,1.0211294366785515,0.0006723703354162
LINC01088,-2.419483644111456,0.0001265284110296
LINC00989,-1.8305414074795263,0.0016867243619242
AC124016.2,-1.229764494369605,0.0103461833700025
WDFY3-AS2,-1.1826371749136102,0.0003753259896382
AC093866.1,-1.5961095776100522,0.0089810028550426
BMPR1B-DT,2.259991625511298,0.0105261182757681
AC019131.2,-2.194250627438433,8.612347031783672e-09
AC098487.1,-1.865577309889126,0.0011684690004698
LRRC37A15P,1.9367975999659564,0.000191270342552
LEF1-AS1,1.8753017139930208,3.537042238338565e-06
SEC24B-AS1,-0.5547713640209067,0.0445658225711565
AC004067.1,0.8470978213690588,0.0092060292089444
SNHG8,-1.4813492322461683,0.0004567193786791
IL21-AS1,6.82185578186878,6.41773425505537e-10
AC021205.3,-0.7906377178662696,0.032031924687419
LINC01091,-1.7770011487302966,0.0087979403784022
LINC02615,-1.2259738535583442,0.0036434226178358
LINC00613,8.577701731908666,0.0005567054557128
LINC02511,-2.6329349465894007,0.003218073362068
AC096733.2,1.7936837385655764,0.0067351553850977
AC139720.1,4.536917318271493,5.80248358758112e-05
HHIP-AS1,-1.8076670828495576,0.0062638026085271
AC108206.1,3.829913138517313,0.0014001778518602
AC092611.1,2.92864343105902,7.85379055126108e-06
LINC02273,2.8385270602420136,4.526110433169067e-09
AC106882.1,2.7355730809222005,8.46102078923722e-06
AC104083.1,-1.0243238590140873,0.0060584781034049
HAND2-AS1,-1.7731001949934548,0.000194202411144
WWC2-AS2,-1.2139357382169895,0.0036211122518121
LINC02362,2.3507693859012897,5.399070066143351e-10
AC099343.2,1.3072791237611063,0.0007419776908029
SLC9A3-AS1,-1.5689649310856446,0.0292269416220844
AC026740.1,-1.5376863272651558,0.0234941180339767
AC026412.3,1.2538396270604428,7.886442812923056e-05
LINC01019,5.1340431448489054,5.039040757064514e-07
LINC02145,-1.7469981861428852,0.0036064502642055
SNHG18,-2.508057413103442,3.518126914892392e-05
AC012640.2,-1.052581142803816,0.003501142103676
LINC01194,7.539974926453674,0.0001994713194445
LINC02228,6.5267755340554645,0.0013790760500289
PURPL,3.68719616793809,7.551175343268999e-07
AC025178.1,-1.00206396214106,0.0291708998324322
NADK2-AS1,3.42962231580422,0.0002036473109434
AC008957.1,4.037051736948688,1.82495810343678e-13
LIFR-AS1,-0.6686597466992256,0.0046159917799847
OXCT1-AS1,-1.648686789917056,0.0001278472490777
AC025171.5,1.4441276354130934,0.0043289731031261
AC114956.3,1.1756469018236784,0.0020605572820108
LINC02224,3.2221934941605768,3.4447673259883266e-05
AC093292.1,8.737382658839463,1.031238773561768e-13
MRPS30-DT,5.269127800208829,2.215871572789599e-24
AC093297.1,3.5114395944130425,1.3079091912566252e-07
AC093297.2,1.8417832133045533,6.669231176217221e-05
AC022126.1,7.267713457418778,2.6695790936381526e-06
AC025175.1,-1.5006291403613463,0.0029530107165423
AC034238.1,4.754764411159577,2.545435640002292e-12
PART1,-3.337035843450928,3.785207957105205e-05
AC025176.1,1.9777262774595867,0.0006423860142797
MAST4-AS1,-1.0638901211670406,0.0095363582313496
AC010245.2,-0.9271515152856876,0.0010016358398387
AC010595.1,8.11476029574481,5.423455467662464e-05
LUCAT1,-1.877659250532052,0.0068492781767967
AC114316.1,3.0014011156588585,0.0008970640657335
AC025766.1,2.2326751942722303,0.0006400527240488
LINC01554,-2.958972692890637,0.0003443151208578
LIX1-AS1,2.9872962313394806,9.04488151042798e-05
STARD4-AS1,1.1973126947995836,0.0049306057687709
EPB41L4A-AS1,-1.6171232124837032,1.560467044780184e-05
SEMA6A-AS1,0.7144615673816567,0.0102731012058104
LINC00992,3.090357925173389,3.819673355895122e-05
AC093535.1,-1.8833330526323315,0.000343390650693
TH2LCRR,1.0544564554785498,0.0459728592890398
MTND6P4,-1.2468416359048748,0.0032810602157462
CXXC5-AS1,1.7041245480260951,0.0226699534171616
AC005618.1,3.0411347232903183,5.505196198625075e-10
CARMN,-2.352533327557972,1.7762615995462175e-08
AC011337.1,1.1069671680907276,0.0105677978916682
AC011374.2,-1.5225754319827804,7.576830841113981e-07
SAP30L-AS1,1.252490136698786,0.0017026914656906
LINC02202,-1.410959474280185,0.0456180966895752
AC008663.1,-3.4315869130120227,0.031748768041428
AC008663.3,-3.847479160353701,7.208597168797086e-05
LINC01484,2.100610446677554,3.8082263963999447e-06
LINC01485,-1.763595423894388,0.0010544852895494
AC138956.1,1.942676261077782,0.0006879234182964
AC138956.2,1.4832611227892627,0.0044317489965507
HEIH,-0.5321128554690956,0.0035357967040983
TRIM52-AS1,-0.7351596288905146,0.0076807620391113
AL357054.4,1.6808757643184369,5.29455200660439e-09
AL512329.2,-2.309129182024543,3.19284570692367e-05
AL445309.1,-1.406477086240412,0.0030230230771315
AL391422.4,-2.1587238381279112,5.676836823656464e-08
LY86-AS1,4.986032042307386,1.2013331035927193e-06
AL031123.2,2.161333885109412,4.518288005588302e-09
AL008729.1,0.7089493057468571,0.0404333499448287
AL109914.1,4.463142091900345,3.622310734966092e-06
CASC15,-1.6748775620058265,0.0001354911157978
AL513548.1,-1.40286314156682,0.0001624404052162
LINC00240,-0.8146953096150179,0.0270576024504211
AL031118.1,-0.8556072861050125,0.0312941120874434
ZSCAN16-AS1,-1.060386831688076,0.0131823591379656
HLA-DQB1-AS1,2.378871479965788,6.780582898173851e-10
LINC01016,3.429394745250101,5.842298205283542e-05
AL354740.1,2.5092735375428785,2.85015566945077e-06
AL157823.2,1.772440763266703,0.0010274741628899
LINC02520,5.388217552606572,1.1564323260704803e-06
AL136304.1,-0.8597492132060913,0.0252832066150887
SCIRT,-2.131370269971211,1.853284761004133e-05
AL034374.1,-1.981283288909228,0.000104046972528
HMGN3-AS1,-1.3057022207818934,4.268636539728418e-05
AL359715.3,-1.5235298908263062,2.072842356129887e-06
AL359715.1,-2.051412568764222,2.968737289141953e-06
AL359715.2,-2.2726865421591174,1.624691293197615e-06
LINC02542,2.5848959099343336,6.887020416125627e-05
MANEA-DT,1.9889379854506988,4.742915964031592e-08
AL133406.2,1.5044586421055233,0.0005360928927765
AL359711.2,-2.290491370893444,0.0007506827654511
Z97989.1,-0.9014793982358988,0.0107807787298976
RNF217-AS1,-1.3722441480610366,0.0101620619334886
AL450332.1,-4.0140173259574095,0.0002635944064768
AL355581.1,2.705397163500688,2.1186054686926803e-07
AL023284.4,-3.171812232219985,5.37162327275848e-10
LINC02528,3.065766190429508,0.0002670337901292
AL031772.1,1.3420276670756974,0.0118408180146621
AL592429.2,2.277929001580114,0.0027358542958003
STXBP5-AS1,-0.805112046216786,0.029867524660531
AL355312.2,-0.8834256463586166,0.0275637322051075
TATDN2P2,1.720523359107609,6.703076096201145e-05
AL356417.1,4.741309581549461,6.517311577011999e-05
CAHM,-1.4557164987187332,0.0032607373567598
AFDN-DT,-1.2724986274620689,0.0088866864227429
HLA-L,1.9423677338442145,0.0020282125952187
AC073957.3,1.2809250021657324,0.0002232746756716
AC073316.1,-2.722995000892924,0.0015899799663944
AC093620.1,-1.1656769832823326,0.0174075790369705
AC092171.4,-1.1743558774737464,0.0152884363236714
AC092171.5,-1.889048487103968,0.0015928574475225
AC092171.2,-0.8813303323123751,0.0251678862133474
ZNF815P,0.8799709879388418,3.236740325380428e-05
AC073343.2,1.13531478214295,0.0140758303781925
AC004982.1,-1.7291883229211114,2.5191956248344848e-06
AC003986.2,-2.464313659548311,2.033168964487972e-05
KLHL7-DT,1.830570370594204,0.0019048250819458
HOTAIRM1,-0.6653830940084523,0.0294368452146989
HOXA-AS2,-2.1057291978464785,0.0001360896438172
AC005013.1,1.7232379510376243,0.0103727428957464
AC005154.4,3.0472388618299413,4.075747433947807e-05
AC006033.2,2.925701666990224,1.0399926590836213e-17
POLR2J4,-0.4622972237453889,0.0076531982352396
AC004847.1,2.828891221908536,1.5008569316938757e-12
LINC01446,11.237109171856329,7.621784369609574e-08
LINC02604,-0.7924647378412619,0.0050379692175993
AC098851.1,2.2858581803554503,0.0003437775022218
APTR,-0.9638869163721864,8.807496088633553e-07
MAGI2-AS3,-1.039412863884811,0.0015631355440604
TP53TG1,-1.1335743245478191,6.097576414422219e-05
AC000120.1,1.555135619019953,0.0056382908643437
AC073842.2,1.24106956063041,0.0055861610030361
EMSLR,-1.4689126528320449,0.0040114454707363
DPY19L2P2,3.690151930329895,1.7286959261737422e-14
AC004492.1,1.0865798880244883,0.0089353418870667
SLC26A4-AS1,-1.2713444455448857,0.0370928038719172
ST7-AS1,-1.910282305065416,0.0004003531337479
AC090114.2,-1.019152121606493,6.88084744245169e-05
AC018638.7,-1.4238757772605497,3.013912091172619e-05
AC018638.6,-1.9583284963848289,2.930301764040745e-06
AC007938.1,-2.565351027091892,1.2770902000534828e-06
AC007938.3,-1.3715119642920026,0.0073012800382171
LINC-PINT,0.7521665805927907,0.0015503129192995
MKLN1-AS,-0.7985904015469275,0.009571949020893
AC009275.1,-1.4855209105219052,0.0003193940788621
AC083862.2,1.1512148812462444,0.0013696070802314
TRBV11-2,4.805196504979124,1.5133616828639096e-13
EPHA1-AS1,3.761672699521415,2.5945239382509007e-10
OR2A1-AS1,-0.933054099990148,0.0011948360044187
AC005229.4,-0.5750122011862269,0.0420371808096692
ATP6V0E2-AS1,-0.5972527272781093,0.0434631808116247
LINC00996,3.5173209465995177,9.205862771186093e-18
WDR86-AS1,-1.5242742390529065,0.0026382917381318
PRKAG2-AS1,-2.2001546110025663,5.0915653685800855e-11
LINC01003,-0.6756962008056402,0.0003443663074483
AC093726.1,-0.7075071879639675,0.0119359225673176
AC004975.2,-1.1211047189174057,0.0483663025912507
LINC00689,-2.343266626358212,0.0007232339157498
AC004908.2,1.0263217488740244,0.0043542199305451
AC104964.4,-1.037387586181316,0.0092863562575141
AF131215.4,2.7589226086272456,1.830525679983918e-05
AF131215.2,2.8706571981072493,0.0002600403779369
AF131215.7,-0.9835681859162216,0.0490392093823249
AF131216.1,2.557728038141958,1.0990480560707777e-06
AC145124.1,-1.939604439793428,0.0037316595366786
AC027117.1,-1.975738579768424,0.0032006062975972
AC087854.1,0.661912859227865,0.0062525184639952
AC105046.1,1.645293841549028,9.558024499787048e-05
AC055854.1,1.489509115330711,6.845383176413599e-05
TNFRSF10A-AS1,0.597930157062264,0.031899630527083
AC108449.2,1.6874512034996,8.596976098287302e-07
LINC02099,4.525597986800228,1.954981401205581e-15
RBPMS-AS1,-1.5865676694400856,0.002302278137637
AC090204.1,1.3496763425650276,0.0114521786482245
AC067838.1,-2.199581419599798,0.0002404726284332
AF279873.3,7.346195829540424,0.0002657990056317
AC091182.1,-2.106310732305467,0.0007405582919459
LINC01605,1.4822805539876525,0.0010929324377822
AC124067.4,3.328018480793501,4.613789038093453e-10
AC087623.2,1.2160474687935896,0.0101717011411204
AC069120.1,2.040418133012928,0.0023882918714159
AC067817.2,-1.8645051850888736,0.0001600550653485
AC007991.4,5.592695212302727,5.510983838039158e-07
AC027702.1,1.6932620050758085,0.0006292426177727
AC090739.1,0.8360666823797231,0.0082442708902081
AC022182.1,3.736044793694944,5.5011550733547154e-08
AC022182.2,2.976448498428498,3.025636558322245e-07
LACTB2-AS1,1.6387547502122224,0.0001615217554728
AC022893.2,-2.681915227791356,0.0037584951988474
AC022893.1,-0.9459550859439956,0.0095896912718823
RDH10-AS1,1.1094413236866891,0.01023858367939
AC011632.1,3.0816568607086485,1.922975463343659e-06
CASC9,9.136830518024926,6.494389278395616e-06
ZFHX4-AS1,-1.5880928974541206,0.0168811643781778
AC062004.1,-2.388868544337257,0.0083559761137226
LINC02605,2.48572320977716,2.436284546368736e-07
AC036214.2,1.049701438167209,0.0162758565654992
AC009812.3,2.816098413556249,5.3700156106884725e-06
AC079209.1,3.491168999429263,5.378599100972571e-05
CA3-AS1,-1.3087093363354612,0.0029373085627845
OTUD6B-AS1,1.417417922329633,4.0294710589398603e-08
AC010834.3,1.8859565977271733,3.22715886734961e-07
AC087752.4,0.863606082745352,0.0176681573497777
AP003469.2,4.734768953771816,6.705092655639903e-08
AP001207.3,-1.7990566675575623,0.001225190799504
AP002907.1,2.0261288637067745,2.9178167567371533e-06
GASAL1,2.615236503091821,1.8988803494638382e-10
BAALC-AS1,0.9588905572790576,0.0351415375064734
AC012213.2,1.4734541034057158,0.0063267170411411
AC104248.1,1.1195183917981455,0.0434639293136362
MAL2-AS1,1.7453406593065792,0.0085276798858306
AC091563.1,-1.933421361972458,0.0001749523028871
HAS2-AS1,-0.9345526374548652,0.0413299940096642
FAM83A-AS1,6.440761279139906,0.0011555148604931
AC090198.1,1.1056178491230764,3.338567916116363e-05
WASHC5-AS1,2.3006105353797075,0.000910126622479
LINC00861,5.121618444654701,5.4471028591516257e-42
PCAT1,1.653430242513501,0.0012345460411723
CASC8,-2.7123621234092523,0.0047228862612608
AF230666.1,1.6427114615128835,0.0031585933243479
AC087045.2,-2.1591454646555137,0.0003507205594203
LINC02055,6.51970003233869,4.622469259864061e-13
LNCOC1,1.9382548103103947,0.0001126211439941
RHPN1-AS1,2.5259627060205307,7.011045757382904e-07
ZNF252P-AS1,2.214206406795159,2.145744914032155e-09
VLDLR-AS1,-3.7191866380841176,2.9901004844624384e-10
CDC37L1-DT,0.930141203955248,0.0291723230417069
PTPRD-AS1,-2.715901772677151,0.0033548553176861
LURAP1L-AS1,4.221334798651128,0.0001681756759999
LINC01235,-2.618594053333413,0.0002146527184961
AL391834.2,-1.437853865474625,5.471830466771228e-05
AL158206.1,-1.254604587793601,3.2914372474668534e-08
LINC01239,3.1233393843185686,5.983468551499569e-08
B4GALT1-AS1,-1.927168032400828,0.0004040651547452
AL162231.2,-1.275951750584963,0.0034449645700079
AL161781.2,6.908765099294274,0.0008681837705034
AL513165.1,-0.8506523496524211,0.0048997956105334
FAM27E3,-1.964074894374469,7.169410715107653e-05
GAS1RR,-1.5990115390207895,0.0006619848896797
AL353150.1,-2.5221989734512964,2.2275457027745434e-10
LINC00475,-0.8478764118332673,0.0033451620244167
LINC00092,-1.5187455025444825,0.0079110091262895
AL162414.1,1.3428371857584172,0.0323413712111553
FAM225A,-0.7638789067351793,0.0307385147520636
AL162426.1,-0.9600444469859374,0.0207896273710244
SLC25A25-AS1,0.5547930199935843,0.0381289977854994
AL592211.1,-1.2132075003933538,0.0007302028046025
LINC01503,-1.721897891569831,0.0001961489275411
LINC00963,-0.9438361494910268,2.94251315602888e-05
DBH-AS1,2.481078833397214,3.407305156837453e-06
PPP1R26-AS1,-1.3705166565119642,0.0002718174557384
NALT1,-1.408635337390872,0.0103561126759318
SNHG7,-1.7376026900498276,0.0005462076358735
CCDC183-AS1,1.6603702902310673,0.0045696179105847
MAN1B1-DT,-0.8556866179814666,0.0279361900981781
STPG3-AS1,-1.9783739543554368,0.000132901681475
CA5BP1,-0.5517765600148636,0.0469389679551389
AC078993.1,-1.3735844995806543,0.0438743163642381
PHKA2-AS1,-1.5519890767932478,0.0002841749349647
GK-AS1,1.290410832136928,0.0271565844373665
MID1IP1-AS1,2.870409250956799,5.374072634778264e-05
LINC01281,6.527103045803213,4.390535079164533e-12
AC092198.1,1.5710538278271329,0.0243853337738493
UXT-AS1,1.5881743188096191,0.0092816306653383
AC233976.1,1.6428769885490684,0.027899782609835
SNORA11,-1.0548232139040463,0.0205320526738639
AL590764.1,2.0295686975833847,5.325836071882616e-08
FTX,-0.6276547557900392,0.0156861356516673
Z83843.1,0.549452239741251,0.018518392511561
LINC00630,1.253490694215797,0.0038876024254813
Z68871.1,1.5397290326306492,0.0008692922550152
MORF4L2-AS1,0.6470100790328576,0.0235282366361011
ALG13-AS1,1.805989021704183,0.0006254439668738
AC004000.1,-2.3198844690212064,0.0003229471240938
RHOXF1-AS1,-1.5713925829506132,3.1839218740420794e-05
LINC00892,2.691499338356992,1.572826753635609e-08
FGF13-AS1,-2.620060548151388,0.0172039398353487
FMR1-IT1,1.3197929899878746,0.0055926503144177
AC244197.2,-0.8449962899868743,7.246773659169573e-05
,,
,,
,,
,,
,,
,,
,,
,,
,,
,,
,,
,,
,,
