Annotation	log2FoldChange	pvalue
PRDM16	-0.7749381897076142	0.009860001323879
MYCL	0.5401922623664839	0.0347652724857923
SCMH1	-0.2680631042035921	0.0116976585652464
ESRRG	-0.7778606387178992	0.0364222416917224
ZNF365	0.5668342491572409	0.0245243880408594
TCF7L2	-0.7045685662629971	0.0197300051148545
POU2F3	-0.759547694848583	0.0173433745996114
SOX5	-0.536800266948999	0.0499830324617359
ATF1	-0.2273293209662118	0.0311026785592558
ZBTB39	-0.2540568062626905	0.0441771814606615
TBX5	-0.5755026269260561	0.0257518463789899
FOS	-0.8386997166469119	0.0461291176447467
GSC	-0.5121276280823873	0.0497286608536188
ARNT2	0.7821283382007177	0.0060275951241475
MESP2	1.0531978621205664	0.0115962698135302
ZNF774	-0.5335350305061537	0.0266233508136302
NFATC3	-0.2540553118257321	0.0295970516282437
ZBTB4	-0.3490703772746156	0.0253360183440418
SOX15	-0.9222533080099804	0.0017610833901234
IKZF3	0.92244290587749	0.0149175842128396
RARA	0.9053265287092545	0.0051371568089334
ZNF385C	-0.5174725505672411	0.0477413320966046
DLX3	0.9725081427775084	0.0153612159293784
FOXJ1	1.813245805534296	0.0018120164602574
ZNF556	1.006098719195964	0.0481534425657997
ZNF490	0.1951328812527295	0.0441063743932517
CC2D1A	-0.3559394120245692	0.010460817886917
ZNF575	-0.3580692924027502	0.0401552391855134
HIF3A	-1.1658490979817262	0.0334041257531846
ZNF114	-0.7856040132545675	0.0123566568427944
SPIB	1.1798550960215817	0.0371842993749965
ZNF577	-0.5784611362497227	0.0122062773645702
ZNF580	-0.4702204836622401	0.0253349433724887
MEIS1	-0.4961840203493983	0.0400412984669399
PAX8	-0.7471512562688147	0.0386675742861527
ZNF385B	-1.561864133451214	0.0003369737409991
IKZF2	0.6889714923107888	0.0029714221563245
SIM2	0.6941646111211854	0.0228483684738342
TCF20	0.7969018083557874	0.0450771508668485
LTF	-1.721230625896765	0.0012145448704082
ZNF80	0.894612457876202	0.0356182988605857
ZBTB49	-0.1909096289674035	0.0365027853167169
AHRR	0.5742231486431103	0.0398067735333755
ZNF608	-0.4045032176888454	0.0489163327087032
FOXC1	-1.0082947061600895	0.0016619950841491
PBX2	-5.773021733529663	3.913763138442256e-05
RXRB	3.5530476995045137	5.02958091999195e-06
ZNF853	-0.3437270768048151	0.0464718565703344
ZNF736	0.2622759679133458	0.0403650367481219
ZNF92	0.5657776772167867	0.0287142322865034
MLXIPL	-0.959788430818188	0.0481219131712324
CREB3L2	-0.314225134038579	0.0488171525132716
ST18	1.140406146489536	0.0030583513045525
ZNF707	0.9364824120849004	0.0256093233991126
DMRT2	-0.854074194141055	0.030575326829811
PAX5	1.413641934300178	0.0111754151670799
BARX1	-1.2888264971563046	0.0148083557182506
ZNF618	-0.3810323468982445	0.0115449959216482
RHOXF2	-1.1440676477304004	0.0110179374933782
HES4	-2.11418655534965	0.0012231094045462
HES2	-2.0314744944692853	0.0017963282373069
THAP3	-1.2558762116722073	0.0182604759752002
CAMTA1	-1.5117906006615618	3.8782971755994096e-08
CENPS	-1.0746872286830895	0.000110336137464
CASZ1	-1.1691761292731062	0.0094635002973462
ZBTB40	0.6843110653338567	0.0003255976198572
E2F2	1.5908731610706357	0.0008663501409658
RUNX3	1.6013024832398148	3.657568909344681e-05
ZNF683	3.1244439696019826	1.4639630924667306e-07
LIN28A	5.691276851600251	3.512228616806003e-08
AHDC1	-1.4552503737072744	0.025915149785329
ZBTB8A	-0.4589560586365961	0.0206022150188457
ZNF362	-1.0767831653613975	0.0085629861671367
TFAP2E	-0.675165914686911	0.01828234936921
POU3F1	3.329209292571036	7.020594288508014e-07
ZFP69B	1.550827835740444	3.400809048798814e-06
SCMH1	-0.6651287005537556	0.0007679885844986
YBX1	-0.5679327937286244	0.0157631416316251
DMBX1	3.9361271077231192	3.2685686301871226e-05
TAL1	-1.5298904832897544	0.0027653837504254
FOXD2	1.4861294035992083	0.0010168832330006
GLIS1	-1.9314181472441696	0.0011432745366236
JUN	-1.8232609229063723	0.0022671456485652
NFIA	-1.840280073434208	9.251872043569929e-09
FOXD3	2.7104421192734574	0.0009422443454007
GFI1	3.396389603404092	3.301751614839129e-50
MTF2	0.6085224473124047	0.0185470498516231
DR1	0.8099740345587694	1.5793356674984102e-06
NHLH2	2.322782569509815	0.0057881112102144
TBX15	-1.0015768354396717	0.0010573446703964
SETDB1	0.9593439110041356	0.00062429136713
RFX5	2.156491855676502	6.486745309884276e-14
RORC	-1.0821778375169664	0.0002165599412968
ASH1L	0.7963583809903914	0.0129006176123518
ETV3L	-1.990215181359096	0.0046714583582813
ETV3	0.5456399735782624	0.0063310778471093
USF1	0.5049457342028604	0.0032110790450558
ATF6	0.6534286177813801	0.0170574818935753
LMX1A	-3.0697181788860664	0.0044975149612518
RXRG	-2.7860781503522807	0.0027805278663425
POGK	0.3987080759766271	0.0415359147810785
POU2F1	0.4861234604601873	0.0140391247474254
PRRX1	-1.018678793618782	0.0021651144828741
ZBTB37	1.0093689199781335	0.0001837674664162
LHX4	1.8174320304280456	7.410943148814879e-09
ZBTB41	0.844285044234155	0.0165269364630269
LHX9	5.656837812473762	8.9397308517286e-08
NR5A2	0.691900269972224	0.0212535553118266
ZNF281	0.9976885783338192	2.1312747871017097e-05
ELF3	-1.7588692968873452	0.0004738014919938
ZBED6	2.499384589888605	3.372924862692092e-06
SOX13	-0.6989889583460309	0.0439264579607554
ELK4	1.211973024330122	1.26298079615285e-07
IRF6	-1.6604177389921242	0.0001151743105172
ATF3	-1.159463270720949	0.0070174677823316
PROX1	-1.2657038173635722	0.0171478987974746
MIXL1	4.016004557283575	3.5898564357665425e-10
ZNF678	0.977013754887548	0.0001947972553505
ZNF695	1.6807525801593175	0.004124638784148
ZNF124	0.4709839325541706	0.0418005834017052
ZNF496	-0.4964893321106954	0.0133491198272642
ZNF692	-1.1549255754638836	0.0001340546740923
MKX	3.181988909632682	5.928498301447653e-07
ZEB1	0.692186401500085	0.0004307374531992
ZNF33B	-0.3960205774879364	0.0474327727316918
ZNF487	-1.0213496387012022	5.895455795341373e-05
ZNF32	-1.461346805511542	1.1493894032644686e-06
ZNF22	-0.9347145767318332	6.151621191417975e-05
ZNF488	-2.723146369160421	0.0034024441861506
ZNF365	-0.7319491653793192	0.0113016632961751
ZNF503	-2.2493061856238747	5.694864159804265e-06
HHEX	1.247933912471189	0.0002757441620063
LCOR	0.9757937491938424	0.0003136260202654
PAX2	-1.833262506469508	3.340741632334094e-05
MXI1	-1.4833728945914786	1.9685217903388173e-05
TCF7L2	-1.5179349551643224	9.677640405999072e-05
EMX2	-2.416475785473412	0.0070248128433452
IKZF5	0.3463524097049338	0.0438145127055061
EBF3	-1.1965256109634967	0.0109754389941646
VENTX	-1.6926214439747265	0.0074037216346152
ZNF511	-1.744675170535379	0.0005865997129546
DEAF1	-1.345197497797443	0.0093584110793436
ASCL2	1.839617023531685	0.0017347940749244
ZNF195	-0.4769677391886296	0.0231342231531686
ZNF215	1.1284513781847885	7.323352005615424e-05
ZNF143	0.6126095127490037	0.0015465445868989
ARNTL	0.5374166538066839	0.0123447218556113
SOX6	-1.243839073144095	0.0132060210561219
E2F8	3.234891200106202	6.96852590023111e-16
PRMT3	0.5982809991410897	0.0304095016685678
PAX6	-0.6362509492822068	0.0215039126746178
ELF5	-1.5084446795940354	0.0127882037893901
RAG1	-1.0267287739817084	0.0056247777150006
BATF2	2.1983152290181915	6.315527232344011e-11
FOSL1	-1.9834334012831247	0.003380585226007
KDM2A	0.5561545324210668	0.0014872187927229
CREBZF	0.965816766759014	4.966322812565616e-06
POU2AF1	3.343357718920912	1.094968913198443e-20
ZBTB16	-1.948173903290652	0.0339153255460996
KMT2A	0.625882533754125	0.0051291044053785
ZNF202	-0.2634526092651933	0.0466318727759418
ETS1	2.6008063622237136	2.5895930303369493e-21
FLI1	1.1889486631307564	3.3305087129540416e-06
BARX2	-2.7548914294576847	9.539789623725283e-10
THYN1	-0.7668798966337175	0.0001239045853961
IRF7	1.7741631350654974	0.0209183455685848
FOXM1	1.2188030139697674	0.0035250243031626
TEAD4	-0.7786132696463638	0.0026763779094523
ZNF384	0.680124867372759	0.0272190388199949
FOXJ2	-0.3389756002728433	0.04997382134103
YBX3	-2.3061520419083896	1.439826368774013e-06
ETV6	-0.5645883806908228	0.0002723880916061
BHLHE41	-1.3415235520515716	4.185415509206879e-06
ARNTL2	1.789004541979173	5.0698446093761116e-12
ARID2	0.9873143171562296	0.0024851941237017
VDR	-0.766887112712872	0.0172416214164673
ZNF641	1.075221431033315	4.668290399382102e-05
ATF1	0.6697055769461212	0.001329386102596
ZNF740	0.7613814517623041	0.0012843013814645
SP1	0.7975916455768147	0.006526491473162
AC023509.3	-0.8716804833767742	0.0119018885817694
HOXC13	3.41208662918619	8.642191279716532e-12
HOXC12	8.357893819139404	4.323656003549941e-13
HOXC11	4.391491449363262	1.0279410735040444e-22
HOXC10	1.9169305875735447	2.277520831625524e-07
HOXC6	-0.8528508099081205	0.0022330609991739
HOXC9	-2.110788474406336	2.06645886268596e-17
HOXC8	-1.0861603751697686	1.271842307396781e-06
IKZF4	1.0124731861448475	4.356348648020068e-05
STAT2	1.333243981371983	3.26425230608383e-10
BAZ2A	1.0116527783321656	1.4345680735758543e-05
ZBTB39	0.5834060014753265	0.0043810773936505
DDIT3	-1.13051338158061	3.0392165101480377e-06
THAP2	0.6520932658067681	0.0017004561592943
E2F7	3.98737393129025	3.129634835106225e-10
EEA1	0.78847864943703	0.0005687502313391
ASCL1	1.7496591364127212	0.0052185344252547
PRDM4	0.7725838330182492	0.0030866630972946
TRAFD1	1.7052131452993151	1.0758813446699778e-09
TBX5	-0.9878872626463449	0.0012349331223496
TBX3	-1.8499769885867008	3.511314155939949e-05
KDM2B	0.9116442774556318	0.0020496544615952
ZNF664	0.8191839224802722	0.0065437231353183
ZNF605	0.8099540065054385	0.0040123664013921
ZNF26	0.9871767939972532	0.0016587883706782
ZNF891	0.9131883696909002	0.0027197235259563
ZNF268	-0.7731609856950113	0.0127703714525803
ELF1	0.8830321197215113	5.234456327469006e-05
TSC22D1	-1.892319266087384	5.281171868691196e-08
DACH1	-1.6291733705823102	0.0017604163423814
KLF5	-1.7723834998348025	4.980991513815216e-05
KLF12	1.3484612895558314	4.8162863041502376e-08
DZIP1	-0.8944492991832603	0.0002355414579778
MBNL2	-0.4670316893366124	0.0378928594802195
ZNF219	-1.880849233291575	5.591295330828633e-05
SALL2	-1.359016119373323	0.0014016009144628
IRF9	2.0020586844682726	8.123651554920717e-21
NFATC4	-0.9984920261923717	0.000872506774046
NPAS3	-2.7606463874564886	8.228335920044763e-12
PAX9	-1.1566041977182226	0.0279234693621093
SIX1	1.687130451442251	5.071373237612277e-08
SIX4	1.512235293501006	0.0006074954718489
HIF1A	1.3835493326448396	7.321247184793937e-10
ESR2	1.4515308619412317	4.457517868415123e-07
ZBTB25	0.8500209269581127	5.114821447981664e-05
ZBTB1	0.6840966425819197	0.0054109003286265
DPF3	1.0160530466906277	9.504127929243052e-05
ZNF410	-0.6517713713318541	0.0167830975402706
PROX2	2.004415561741636	0.0002856581550445
FOS	-1.7714531864719048	0.0019351823774748
JDP2	-1.547184361852345	0.0005852681306323
ESRRB	0.8844742423609814	0.0105546887822816
GSC	-3.119419815204003	3.891010624363591e-05
BCL11B	3.303439072991938	1.3942662748662544e-27
KLF13	0.8044966318337955	1.4608795480192811e-05
KLF13	1.1899226162649168	7.751822316466247e-10
ZNF770	2.062886210570372	2.094928093090209e-06
MEIS2	-1.9465784095584453	4.908512389625439e-05
MGA	0.9019265567994812	0.0026267130874614
ZSCAN29	0.8026317600866719	0.0033468023011712
RFX7	1.1830708479707717	0.0005896366603626
FOXB1	6.768388952391694	0.0008685070999787
RORA	0.8133931837374574	1.6265380616257825e-05
ZNF609	0.8653529303847864	0.0062126684945098
SKOR1	-1.0824057923356962	0.0490798250750153
ARID3B	1.0284751763315263	0.0014365565173264
HMG20A	1.40056111627944	2.7075454379442388e-05
ARNT2	0.7628359549562743	0.0426434998639135
BNC1	-2.7042794933150223	2.3639265030375754e-09
MESP1	-3.911196489715273	9.999284915969152e-10
MESP2	-2.3345628303622794	0.0001677121624288
NR2F2	-0.485018825511747	0.0304081064812109
MEF2A	1.026588913913835	0.0001320285169897
ZNF205	-1.5908659268841718	0.0126583364485982
ZNF263	-0.2717012330614599	0.0150939166250207
TIGD7	0.8616684237437318	0.0068962998016953
ZNF75A	0.7512396033196571	0.0267241616764774
ZSCAN32	1.084211349978894	0.0172101726872922
ZNF174	-0.3204850451633499	0.0102480403033351
ZNF597	0.6514578700094373	0.0078555863218427
ZNF771	-1.3346909200883987	1.1033199763025782e-05
ZNF768	-1.0833460754931905	0.0002095603170649
ZNF747	-0.4294796827547844	0.0048295226259349
ZNF785	-0.4116980483424856	0.0011620876515024
ZNF689	0.521064690240828	0.0031503263925556
ZNF629	-0.6356089186227386	0.0031852537402808
ZNF843	-1.314021164382654	3.017946031756264e-05
ZNF267	1.840531264868012	1.373471382919207e-16
ZNF423	-1.849336301974056	0.0093522064176436
SALL1	-1.131581954127917	0.0039748749205628
IRX3	-3.139704942549169	1.1982368320408876e-05
IRX5	-2.0370109566495533	3.746815458472348e-07
IRX6	-4.077712481997799	3.80732287496254e-08
HSF4	-2.233285851457502	1.1041205398423684e-05
CTCF	0.44090628906364	0.0321383359982807
CENPT	-0.8772128756491842	0.0363696202348982
THAP11	-0.5073214656652911	0.0111695246677848
NFATC3	1.256337829955016	1.7137171635605955e-06
TERF2	-0.3102972862022825	0.0425497139522921
NFAT5	1.0370070181693356	0.0037749449720595
ZNF23	1.3408476694861928	0.0023737449287163
IRF8	2.9941894009938106	4.745339234784139e-16
FOXC2	-1.86636813339493	0.0160531431804864
HIC1	-1.4722609291018176	0.0154734121802212
SGSM2	-0.9557922920714644	0.0294565876456091
ZFP3	0.7332588167251168	0.0003972961801068
ZNF232	-0.5947472232683422	7.099989955009743e-05
ZNF594	0.7505963447050993	0.0064312424564458
BCL6B	-0.8083750087943729	0.0302198647218122
ZBTB4	-0.6467950037960554	0.0031622037028271
TP53	-0.5464242185970638	0.0285225879513541
ZNF286A	-0.4876842835555591	0.0495339215306706
ZNF287	0.5502147028161556	0.0181227951202739
ZNF624	0.4975086885660668	0.0150346540332146
SREBF1	-1.0833013191228815	0.0320429690675059
ZNF286B	-0.9938241605130408	2.6491487370946373e-05
FOXN1	1.4330507097587326	0.0483944803011064
ZNF207	0.8059485630880998	0.0008752727898954
ZNF830	0.2612299997185323	0.0383391562385853
IKZF3	6.35109938274681	1.0279715618898644e-49
THRA	-1.0281768155441935	0.0045300565760929
ZNF385C	-0.68871191716955	0.001731351956351
STAT5B	0.3594225460661768	0.0164979277261213
STAT3	0.4494007694231076	0.0343429803530179
MLX	0.625682399766036	0.0007957127887497
ETV4	-2.4353983764290184	1.4300771757559028e-06
MEOX1	-1.2719862591787905	0.0124446452258382
TBX21	2.90047789468159	5.626995175654985e-13
HOXB2	-1.4934431172126326	1.3526989871381984e-05
HOXB3	-1.1171471342334012	0.0037737653505569
HOXB5	-2.077163767875941	0.0056435482299219
HOXB6	-1.5270648687306596	0.0104870493029373
HOXB7	-1.290553328555306	0.0193329193390628
HOXB8	-1.8942899453547173	0.0291077895228684
KAT7	0.969722526243457	0.0139308708790238
DLX4	1.3692161518576014	0.0224659394362995
DLX3	1.259034172755425	0.014092131584003
HLF	-2.7120390304000432	2.307574093426358e-15
VEZF1	1.0878626702722705	0.0065692101876253
HSF5	6.503320820900965	3.0794187898084046e-09
TBX2	-1.5704760308542351	0.0009567222388132
TBX4	1.8996513916867737	0.0048699820236859
BPTF	0.6956877319093748	0.0194325617961659
SOX9	-2.8493620888789875	1.8009829706165003e-10
TGIF1	-0.428004654740565	0.0109967468896176
ZBTB14	0.5918750991117585	0.0019014266712677
L3MBTL4	-1.014044159205175	8.96130117907386e-06
GATA6	-2.2560620574308565	2.395909608125056e-05
ZNF521	-1.1606008299086004	0.0073343874876787
SETBP1	-0.5784684940855881	0.0424671248610089
ZBTB7C	-1.79086467812305	9.202841962854036e-05
SMAD4	-0.5100952514545404	0.0013598002690853
TSHZ1	-0.645636713859887	0.044572099439273
ZNF516	-0.5955385125684339	0.0105258262384886
MBD3	-1.4348547734743633	0.0057416055955443
KLF16	-1.1914387117939005	0.0370399801881183
ZNF554	-0.7394071098841172	4.283797180128054e-05
ZNF556	2.0472272348591654	2.693040493808624e-05
ZNF57	-0.581400578137418	0.0415598598203061
NFIC	-1.5513695123718274	0.0009897797423343
HMG20B	-1.0278267098066267	0.0179871124779185
RFX2	-1.4111298212462184	2.0421781954752542e-05
ZNF358	-2.457028851897397	0.0003620931252189
ZNF317	0.5590441178582419	0.0011105014501795
ZNF699	1.850499489014274	1.8944896504786206e-05
ZNF560	7.37743522226047	0.0004359388467838
ZNF426	0.5744878728405036	0.0491512233210858
DNMT1	0.9832174074098776	0.0010965569476541
ZGLP1	-1.3796881552365394	0.0053855242928553
ZNF653	-1.8089576788095965	0.0012691598471602
ZNF823	-1.3259313884301684	2.2242222091660443e-05
ZNF491	-0.7472557529179137	0.0045040070166742
ZNF69	-0.7558890082215448	0.002810060364363
ZNF763	-0.7453879789910945	0.0172212166200583
ZNF433	-1.3985822887581216	1.5658069061214e-06
ZNF20	-1.1897990613562983	0.0111681379482009
ZNF563	-0.4472979442372966	0.0383549801343358
ZNF799	-0.6252227846756201	0.0057173790900022
ZNF490	1.2350776975487412	1.2059966339662252e-05
JUNB	-1.5815653230489812	0.038633428985405
NFIX	-1.4956401181043448	0.0101309824418558
CC2D1A	-1.0281811410531314	0.0193616901478262
KLF2	-1.7261888159161238	0.0071367414128601
JUND	-2.3766806174877018	2.5930254158922784e-06
ZNF101	1.923362649065277	8.325993870454617e-13
ZNF253	0.5598587815342837	0.0184396019806445
ZNF93	0.9093293773522276	0.0007857496000546
ZNF90	0.8147379022252234	0.0002546297973402
ZNF486	0.692887812401094	0.029375017318004
ZNF737	0.8803768065531995	0.001238011632794
ZNF430	0.7453734036025949	2.934347800560537e-06
ZNF714	1.0639892817333398	0.0004472011951577
ZNF431	0.3319456550501449	0.0427270714731301
ZNF708	0.5219580419433951	0.0063294971065954
ZNF43	0.7154351556755262	0.015109637979725
ZNF724	1.3012868909611663	0.0070982439733488
ZNF675	1.201969014899523	2.4300909016096995e-05
ZNF681	0.6271809601365926	0.0132287319706433
ZNF726	0.5324169867263026	0.0376914409214954
TSHZ3	-0.7346557771610044	0.015937293712812
ZNF507	0.6186136266977778	0.0232944855233312
ZNF599	-0.2396491153084039	0.0491873380072027
ZNF792	0.8480394222076933	0.0048033422967856
ZBTB32	2.544896615762588	4.229030808054186e-07
ZFP14	0.4473432560779658	0.0359942812445417
ZNF382	1.7217398285368628	3.4277108180639865e-07
ZNF461	0.4604363244748784	0.0058064754090832
ZNF567	0.5975868413592504	0.0426543959998056
ZNF829	0.4371072261755894	0.0249565404049515
ZNF585A	0.6760093550977674	0.0039797813475944
ZNF569	0.6566525403440922	0.0079808288124931
ZFP30	0.6193368939274979	0.0246907776893995
ZNF781	-0.8644382677706354	0.0082276519349632
ZNF573	0.7618718078714901	0.0060001001911659
ZNF780B	0.5293963886894653	0.0351581600259668
ZNF780A	0.939112970970953	0.0031941470182477
POU2F2	1.7959439044127408	0.0010743718441827
ZNF576	-0.8126454098534631	0.0002453114303788
ZNF428	-1.3408039478218157	0.0040950836590903
ZNF404	-1.0902781185502382	0.0064336651443323
ZNF155	0.5710422000549457	0.0446911222777135
ZNF234	0.6512205108941368	0.0034330474718645
ZNF227	0.634511612133754	0.0038623951955889
ZNF235	0.9048770967929166	0.0028597096458912
ZNF233	1.5018749449991835	0.0049206120638464
FOSB	-1.673676297825625	0.007292744471627
SIX5	-1.5171676602813329	0.0387261179205623
HIF3A	-2.59293685352701	2.436743766087741e-06
NPAS1	-1.73130002059764	0.0031219011107544
MEIS3	-1.0013013477484731	0.001123553549336
ZNF541	1.3505942243834004	0.0031201753680521
ZNF114	-1.047201143715925	0.029300541149514
TEAD2	-1.4922985471240349	2.9176752312709386e-05
ATF5	-0.9058195720484375	0.0006130857320776
SPIB	5.985336358363319	1.4751557131592157e-25
ZNF577	-0.7261386870129873	0.0025866887159872
ZNF841	0.6185449777377326	0.0143795699012608
ZNF480	0.5899559204200212	0.0226809302697301
ZNF808	0.8003562957827245	0.0009624421838339
ZNF701	0.6985122072059543	0.0101436573026231
ZNF611	0.7809052687448068	0.0024924437228715
ZNF600	0.7179044278735779	0.0119743766442162
ZNF28	0.892739554701635	0.0127309070602671
ZNF468	0.8934538500378723	0.0296145825562107
ZNF888	2.2750564841188683	0.0001330978641659
ZNF816	0.875032275578411	0.0091831548873101
ZNF347	0.7079880313758583	0.0208495257728283
ZNF525	1.1618148887502235	0.000460022296294
ZNF845	1.217270741292917	0.0001506508390883
ZNF813	0.770258986762842	0.0152351609846526
ZNF579	-1.0249254894466229	0.0001352335901111
FIZ1	-0.442822498917847	0.0037853816271371
ZNF524	-1.5640532408630918	0.0035511959343734
ZNF784	-1.0872481855085128	0.0019682950553137
ZNF582	-0.7193691688133229	0.0231187967619485
ZNF667	-0.9045578792112432	0.0002275180468922
ZNF471	-0.850095401934695	0.0076836483718672
ZFP28	-0.6826654015353248	0.006658714899436
ZNF470	-0.4924000102849646	0.041229342127689
ZNF805	1.1377626577800797	0.0001278606279372
ZNF460	0.6529426352785186	0.036749227887336
ZNF543	1.2049361174556907	0.0005563407539969
ZNF304	0.9816048327766892	0.0105178199574332
ZNF548	0.7566677339431319	0.0002803542683165
ZNF749	0.5845138376942527	0.0130705619741411
ZNF549	0.8830107663706768	0.0024228699664045
ZNF550	1.1475128430220296	1.5515358925412408e-06
ZIK1	1.1015773739656909	0.0005553499180508
ZNF530	0.9324196433878792	0.0010647681052105
ZNF134	0.8835470662605605	0.0059490432228423
ZNF551	0.7516310424331365	0.0090990841562385
ZNF154	1.010284883156104	0.0017201081845171
ZNF671	1.0489780411644034	5.540458628148587e-05
ZNF776	1.1264153879373058	0.0042946147142242
ZNF586	0.7512528651444864	0.0012399427142236
ZNF552	1.5878750003851654	1.2494766677455504e-06
ZNF587B	0.530339490963883	0.0217336367403634
ZNF587	1.270042984592046	5.144118154577835e-05
ZNF417	0.9651967715213384	0.0017331008196546
ZNF418	0.7292072379431148	0.0388534855230971
ZNF256	0.6384002207830967	0.0166447252707239
ZNF274	0.6584193991325669	3.1212300611619526e-05
ZNF837	-1.0306518689690487	0.0414894891190138
ZNF85	5.695060291699788	0.0004419126646196
MYT1L	8.366636273200944	8.056999232174053e-29
SOX11	-1.49117835269385	0.044491338446297
OSR1	-3.083558228712896	7.141194528361078e-06
CENPA	2.24782375284534	6.410899589329881e-06
CEBPZ	0.7238178728691376	0.0148742216715277
SIX2	1.957138524147892	3.976964288299054e-05
FOXN2	1.881818731339792	1.533203421514483e-16
REL	2.015518337424231	3.253276255149792e-13
OTX1	2.508681733283649	1.2144467033827348e-05
MEIS1	-1.4015805424703385	4.9911589768700135e-05
MXD1	0.8352191808246516	3.493231167757465e-05
VAX2	-3.004126163148402	2.253409647063848e-05
EMX1	1.676051514471275	0.0029565868426229
TET3	0.9964097297270254	0.0005496286866652
LBX2	2.074937145223986	6.574087779058624e-06
TLX2	2.232898633000292	0.0015877083423508
TCF7L1	-1.7756516628127017	9.748171335461963e-05
ATOH8	-3.2694026537669183	1.6945477644993213e-05
ZNF2	0.3677193734550562	0.0388372240414366
KCNIP3	-2.5575447492405368	1.062170406926487e-05
ARID5A	-1.5475056165632273	0.0316866739651881
NPAS2	-1.986315835567952	0.0001413812107455
RFX8	-1.2287528557222225	0.001821735434952
POU3F3	-2.293319092037207	0.0014763726863983
EN1	-2.10260896554201	3.542748968879944e-05
TFCP2L1	-3.193791317666812	1.164960044317949e-10
ZEB2	1.0578037718150268	8.927234607594266e-08
CSRNP3	-1.1671276627851652	0.0480709944851167
SP5	-4.614727799205358	2.0622535156750583e-11
DLX1	-3.233851559233216	0.0007601796095595
DLX2	-5.104014346711463	0.0047656335572966
SP3	0.6764378913280079	0.028457527813883
ATF2	0.803869574739548	0.0034308628892157
HOXD9	-2.139045055245206	4.01979053954575e-05
HOXD3	-1.3553810791808796	0.0167574116770586
ZNF804A	3.6068697224957207	1.0444072142015936e-10
STAT1	4.338029773500251	2.6572171969827585e-26
STAT4	2.7343883004350484	4.629025066502718e-19
KLF7	0.6199748402848314	0.000371043803313
CREB1	0.5533778329082221	0.002517608366379
IKZF2	1.441539764449724	1.105004746306989e-05
PAX3	-2.1279072302256887	0.0042872686408159
SP110	1.790436903312226	4.4008783459347376e-10
SP140	4.559470810524676	7.643685717078258e-32
SP140L	1.5863003984979225	5.7825556590288956e-12
SP100	1.2694063012245709	7.415688526782791e-08
TIGD1	0.912962277637527	0.0049100709276521
TWIST2	-2.8193827689439304	3.0296430108313974e-08
SOX12	-1.0318576957746433	0.0298794039979433
EBF4	-2.124014831704565	1.0350053199451068e-06
CENPB	-1.1471453786102048	0.011497487164043
OVOL2	-1.278604995878582	1.0098458600136557e-05
ZNF133	-1.153297147161458	1.1483921234783169e-07
INSM1	6.924301144102468	2.530222787721295e-13
GZF1	0.7778322697816447	0.0122898937280376
ZNF337	1.046251230382025	0.0010862652652886
PLAGL2	0.8461035331623634	0.00049073740093
E2F1	1.7856015446399909	0.0001260603757246
PHF20	0.7734775658173486	0.0003834910549387
ZHX3	-0.4925195615072483	0.0472805811542134
MYBL2	2.8646036113664275	2.645974718440588e-05
ZNF334	-2.1562924082775528	1.4023228136058707e-05
NCOA3	2.291747412112217	1.4483292614715758e-10
SNAI1	-1.832805655313542	0.0054422185327375
CEBPB	-2.356547127399479	1.8742499186449e-05
NFATC2	1.8857037186135992	2.842620452509691e-14
TSHZ2	-1.5291741890621675	0.0008497560793753
ZNF217	1.2055809790053085	4.359725997125885e-07
ZNF831	4.510804914293766	9.01309368418104e-42
SOX18	-2.2376364717796884	0.000712897827612
GABPA	0.7963626938129026	0.0006605903624061
BACH1	0.7367666783535941	0.0005808016773827
SON	0.4833657894876132	0.0268308027738616
RUNX1	-0.7779302166847579	0.006825884318319
ERG	-1.278262188860117	0.0019465885754422
ETS2	-1.0576031717384209	0.0092942636506051
PRDM15	0.6696918855346565	0.0119036515353727
ZNF74	-0.7825329797642036	0.0229681554429557
THAP7	-1.256229273258144	0.0354138588200846
MAFF	-2.7795890461776347	7.615510083122026e-10
ATF4	-0.8856794041686603	2.802674287692983e-05
TEF	-0.8702439719832217	0.0041036226157798
PPARG	-1.7585624929041448	5.211585382693002e-06
NR2C2	1.1547275837750557	4.118170862945739e-05
ZNF385D	-1.1579205832876416	0.026591667332626
EOMES	4.663274392868647	2.054121769893875e-44
ZNF860	0.8390116788901611	0.0455497340283403
CSRNP1	-1.296302837166358	0.0137228870546394
ZNF619	0.9014684565527156	0.0067759327306447
ZNF620	0.952571535519614	0.0091247967608036
ZNF621	0.7060344563119348	0.0270919508736752
ZNF662	-0.8113416656193104	0.049289982751679
ZNF445	0.6486385716846381	0.0063243934698409
ZNF852	0.8532194347968745	0.00210622416127
ZNF502	-1.0738114822533813	0.0002381493347655
LTF	-1.4343109852234015	0.0352014055897874
ZNF589	1.3293859285154497	4.354671702971496e-07
TMF1	0.4678653936552347	0.0171888131996914
MITF	-0.9382685642467058	0.0053849251098933
FOXP1	-0.9349569582335452	0.0001528130639158
ZNF717	-0.6456383874370079	0.0057594747569633
CGGBP1	1.005955630949031	0.0005358367263957
ZNF654	1.0684373746805913	0.0006887672794153
ZBTB11	1.4286717778689166	1.0700716576037296e-05
BBX	0.943041741428626	0.0023777087621908
ZBED2	7.142685186094078	2.4623125321132242e-42
USF3	0.9267299487748492	0.0064540263741974
ZNF80	8.858255230908775	5.953404730379274e-10
NR1I2	1.4833725742407542	0.0036644311875889
ZNF148	0.8692624894444227	0.0028880931107945
KLF15	-3.172811740213028	0.0007222850746095
GATA2	-1.4241956583872957	0.0232118861391672
MBD4	0.7904722969255376	0.0006721468414399
ZBTB38	0.806380955403471	0.0004031666634715
TFDP2	0.7638204251337868	0.0151227539547165
PLSCR1	0.9187481284651852	3.8553133586907854e-05
ZIC1	4.520476598722596	0.0016167104549514
SKIL	0.8799945474552442	8.092922522725876e-05
ETV5	-1.5580198724532028	1.044241622281764e-05
BCL6	-0.681939041264458	0.0224269461096912
TP63	-1.6837362164637737	0.0011974785236752
HES1	-2.9703481795742106	6.744715264568664e-08
ZNF141	0.6479934117359883	0.0031992134622074
ZNF721	0.4625756263236859	0.014009895016875
MSX1	-2.967973690139273	8.778868386759156e-05
ZNF518B	1.2344743367656676	5.604222828567877e-05
LCORL	1.5068439277326755	3.919545723284733e-05
KLF3	0.5643252055364854	0.017979539805162
NFXL1	0.8017729034015899	0.0181635306006745
CLOCK	0.8798075156815979	0.0066843810558227
REST	0.6169496317012914	0.0070373597481128
THAP6	0.8234152105872629	0.0032007367229384
LIN54	1.185464917451731	3.620523658992807e-05
TET2	0.5249078803820695	0.0265265419390402
LEF1	2.4070936589183844	1.6198441653526298e-20
NEUROG2	-2.602766266114977	0.0244844534546006
PRDM5	-1.0114661226860562	0.0076888351515353
NR3C2	-0.5256347451652685	0.0363214264641385
HAND2	-2.457459899722447	0.0006747844633702
IRF2	0.836198669431483	1.0017245631455691e-09
IRX4	-3.603618130803378	1.0485207917411446e-05
IRX2	-3.1233320378525744	1.658758124971032e-05
IRX1	-3.7206257957472095	3.6388086805926778e-06
ZNF366	1.645140984062708	7.498561689035264e-05
MEF2C	0.9570284295551952	0.0009364875224227
NR2F1	-3.446915364789677	1.4153294180280482e-09
PRDM6	-2.289274198720328	7.390408111876229e-05
ZNF608	-1.4635532596928615	0.0086233764858605
IRF1	2.3884026505242546	6.767004439009318e-22
TCF7	0.9610322015117276	0.0396874159492109
PITX1	1.8301287134127504	0.0286846399468366
EGR1	-1.990534162074576	9.591387264354011e-06
PURA	0.59982646023835	0.0040753471575706
CDX1	1.7955360880715396	0.0073948241911197
ZNF300	-0.6019009372576192	0.0203093764954545
EBF1	-1.965404116989922	3.662633503307214e-05
FOXI1	-3.042683426052462	0.011151741054531
MSX2	-2.01658033488625	1.4837220760764232e-06
ZNF354A	-0.4221111029692435	0.0124350128814355
ZFP2	-1.8683945930990296	1.089419411623917e-05
ZNF454	-1.9380527849948497	0.0026859399964938
ZFP62	0.5869458620397767	0.0240491099488843
IRF4	2.123043203726787	9.054698402438625e-09
FOXF2	-1.8352275950445576	3.12042361878982e-05
FOXC1	-1.5666418920096197	0.0009686763210246
TFAP2A	-1.390769232359214	2.658093686000541e-06
HIVEP1	0.9465175194628682	1.4739506687527434e-05
E2F3	0.958023892076954	0.0007671656809453
SOX4	-1.077844466883764	3.0568552336084736e-05
ZNF322	0.8936635088159997	0.0045958404694615
ZNF391	-0.9940442288626028	0.0116895247438708
ZNF165	-0.903228899293645	0.0004611667247201
ZKSCAN8	0.7137124018430964	0.0054533858860961
ZKSCAN4	0.8537715887795497	3.592231058128936e-05
ZSCAN31	-0.5045432668676318	0.0496599004093686
POU5F1	-1.1735227117206624	0.0143131516906149
PBX2	6.12093904267614	0.0469247235599915
TEAD3	-1.1524139579367887	0.0009352213320147
ETV7	2.8458337166362977	1.0435056545032788e-13
NFYA	0.6763014694231261	0.0291601877155435
TRERF1	1.1767841696150128	2.1425665476593155e-05
SRF	-0.6554881236385978	0.0318061723363214
ZNF318	0.9479968308932856	0.0009354008419068
RUNX2	1.2263577917361277	3.882504442006748e-08
TFAP2B	-3.5634469925513645	0.0002681504859057
HMGN3	-0.7406045167690788	9.765017558803836e-05
TBX18	-1.0359190747487286	0.0015840706789557
ZNF292	0.7701826156847061	0.0002545953576868
BACH2	1.1330653140117886	0.0042474465792594
SIM1	-1.377306103709453	0.0202133760664638
PRDM1	2.824432586628691	1.9348846188011803e-39
SCML4	3.539444849159094	4.9718180026000025e-21
FOXO3	-1.1065271222193995	0.0028885059001765
ZBTB24	0.4567396804881261	0.0223177784389716
RFX6	-4.621526181161568	9.66648766295218e-06
HEY2	-2.094779207648	0.0013826056752845
L3MBTL3	0.5996032054553695	0.0120926598343408
HIVEP2	1.3401586562395815	6.315633191203906e-11
PLAGL1	-1.0357955529199605	0.0008054918156335
TBP	0.2963332641030173	0.0087292097655103
RXRB	-0.7634236968850645	7.272752411607373e-06
ATF6B	-1.6544075471482624	7.493143795264711e-07
PHF1	-0.7464173952930294	0.0031912191545954
ZNF12	0.6043079206442283	0.0251641740592136
ETV1	-0.944344394457472	0.0135618685307704
TWIST1	-2.7745293697985134	1.7082845105008971e-06
SP4	0.926904739149188	1.0632336454868997e-05
NFE2L3	1.5530606521389132	5.374395690291862e-07
HOXA2	-2.632555003260317	1.2505636034505637e-05
HOXA3	-2.402410888639124	6.411579668541044e-05
HOXA4	-2.923474116155417	1.8567419357627188e-08
HOXA5	-2.8012005316418622	5.509486429796163e-07
HOXA6	-1.569148860890721	0.0294957995557558
HOXA7	-1.8531680707237903	0.0235005340775467
HOXA9	-3.0690328411336414	5.781642036382317e-09
HOXA10	-2.248916410091013	1.9854661360197624e-14
CREB5	-2.2056632775960936	5.036535903402221e-06
POU6F2	6.519332293638706	3.78912796058086e-12
GLI3	-0.7845081043173785	0.0190767183257775
AEBP1	-1.1069983842655242	0.0323795298359167
IKZF1	3.380740812310576	3.3821206564367627e-29
ZNF716	7.60474378410899	0.0004667512385104
ZNF736	0.7975648635608255	0.0021557783257442
ZNF107	0.895990939947248	0.000666281641306
ZNF273	-0.3144807830178056	0.0405716890703536
ZNF117	-0.5794416175691579	0.0119337749492566
ZNF92	0.8873577910732793	0.0002891173076991
MLXIPL	-4.773515861827262	1.795776399721503e-07
GTF2IRD2	-1.4375006125375671	2.59199619487748e-12
GTF2IRD2B	-0.9076346932724874	0.0002326474426616
DMTF1	0.5448027314805423	0.0364395892193682
BHLHA15	3.203342584796075	0.0001037946203332
ZKSCAN5	0.6413239399440397	0.0175215730163222
ZNF655	0.6183755807857684	0.0035811174658672
HBP1	1.0052816849003072	0.0012687052868821
THAP5	0.7481111584437832	0.0008220581589876
FOXP2	-1.82567300358024	0.0002130372648615
TFEC	3.4400418939656405	1.1633554231318536e-28
IRF5	1.114595208251867	0.0013155082560676
ZNF425	-1.342693423316974	0.0011190824357675
ZNF282	-0.7989984813759665	0.0393213446930515
ZNF212	-0.7367818972583036	0.0020557997003562
ZNF596	-0.6303386305454798	0.0043688852662532
SOX7	-2.2186988888308683	3.768795656679446e-05
NKX3-1	-2.4902478977254616	0.0005335676009156
EBF2	-1.323218891038891	0.0286582941854246
ZNF395	-1.2784873665256502	1.2531507439252103e-06
HMBOX1	-0.6305540333983787	0.0013786473215302
PURG	-2.0165043620299543	0.0248619501405747
BRF2	2.033319736592587	1.009749283711558e-09
ZMAT4	-2.517574384486556	0.0003762227389652
THAP1	0.5951093716227929	0.0029367971189003
CEBPD	-2.5034976309950165	0.0001694894920013
SNAI2	-1.840017011403924	0.0001044654481772
ST18	2.9431054544865995	4.973396138104148e-09
SOX17	-2.845799084199042	1.0886095050586509e-05
PLAG1	1.5684905859556038	1.0493746311608324e-05
MYBL1	3.00419853446272	2.002357858936808e-11
TCF24	5.30624688032455	1.0107806537016809e-08
NCOA2	0.9946829792668704	0.0016134273426294
TERF1	0.9054451460165256	0.0103467616268331
ZFHX4	-1.3630558713587968	0.0006950502021706
HEY1	-1.11884409188276	0.0009163968209291
E2F5	1.5026021501867994	7.100467742255354e-05
MTERF3	0.8206646524472919	0.0417189534986337
OSR2	-0.7830869861235588	0.0408547803643222
TRPS1	1.396718362415539	0.0065399503719323
ZHX1	1.1000396544129187	0.0037895204052156
ZNF572	2.127322510173616	1.6582276812421425e-07
MYC	-1.330935075435449	0.0003244710634852
ZFAT	0.5713008514499485	0.014064930172481
JRK	0.7005365819272097	0.0029775239293367
ZNF623	1.1788609778180843	0.0039277779825941
ZNF623	2.5404966323315605	2.770392228888606e-07
ZNF707	2.1482191521201943	0.0064041222530917
ZNF7	0.6346903558977874	0.0016317340830485
ZNF250	0.5138559901245845	0.0189829956812742
ZNF16	0.3968153755567039	0.0491925931882017
FOXD4	-1.2266728454474156	0.0106777478688571
DMRT3	-2.482430468266553	0.0004637636514384
DMRT2	-2.278336226745589	0.010577311314068
NFIB	-2.4847692142242064	1.8444723859445006e-09
DMRTA1	-1.9208806812246528	0.0031814927920441
CREB3	-0.4688173165899424	0.0016218997423181
PAX5	7.168702368050548	1.5667590914499736e-27
KLF9	-0.6389558352655644	0.0095564055821746
NFIL3	-1.1738012544056715	0.0006032848923306
ZNF484	0.6862900166645619	0.0069547777248817
ZNF169	1.1266798710870929	5.99319902681173e-06
ZNF367	2.141564103034644	1.539831723596071e-09
ZNF510	0.6540749146870787	0.0102909310388823
XPA	-0.5214223038016853	0.0055960632791726
MSANTD3	-0.5390989979530699	0.0017167947893209
ZNF462	-2.1701797271520538	4.6565904636177676e-11
KLF4	-1.9831460675682493	0.0003165919282517
ZFP37	-0.8299711326481216	0.0106846069658571
AKNA	2.034987026017092	2.3583336829880547e-05
ZBTB6	1.2778926606006538	9.519315831927057e-08
ZBTB26	1.0790130110503895	0.0005422910811027
ZBTB43	0.4517865549919713	0.0235223142886179
ZNF79	0.3733894443230776	0.0078602397266663
PRRX2	-1.7238588039305538	0.0065607602843182
ZNF674	0.3531922176972388	0.0336174426501361
ZNF157	1.6637698203104525	0.0029486198695181
ZNF41	1.1881492844610515	0.0005385285703819
ZNF81	1.8252832426546544	3.782718855916177e-08
FOXP3	3.1887789350710403	5.61685409791108e-08
ZXDA	0.7899013543743593	0.0004572613077328
AR	-2.857296206220424	1.140892432469423e-05
FOXO4	-0.7655586984506516	0.0190739504777434
ZNF711	-1.467904734485815	0.0031127513179013
ELF4	1.28324691628271	2.7688460791439484e-13
ZNF280C	0.7656100598576429	0.002084824749728
ZNF75D	0.6517711446343747	0.0014866951048214
ZNF275	0.7379385025191665	0.0002561815012048
